question_smiles,question_iupac,answer
Report the number of carbon atoms in COc1ccc2[nH]c(=O)c(CN(Cc3ccccc3OC)C(C)=O)cc2c1.,Report the number of carbon atoms in N-[(6-methoxy-2-oxo-1H-quinolin-3-yl)methyl]-N-[(2-methoxyphenyl)methyl]acetamide.,21
Count the number of carbon atoms in COc1cccc2cc([C@H]3CC(c4ccc(C)cc4)=NN3S(C)(=O)=O)c(Cl)nc12.,"Count the number of carbon atoms in 2-chloro-8-methoxy-3-[(3R)-5-(4-methylphenyl)-2-methylsulfonyl-3,4-dihydropyrazol-3-yl]quinoline.",21
What is the total count of carbon atoms in CCOCc1nc(-c2ccc3ccn(C(C)C)c3c2)n(-c2ccc(C(F)(F)F)cc2)n1?,"What is the total count of carbon atoms in 6-[5-(ethoxymethyl)-2-[4-(trifluoromethyl)phenyl]-1,2,4-triazol-3-yl]-1-propan-2-ylindole?",23
Compute the total number of carbons in CCCNC(=O)[C@@H](CC)N(Cc1ccccc1)C(=O)CCCN(c1ccc(F)cc1)S(C)(=O)=O.,Compute the total number of carbons in (2R)-2-[benzyl-[4-(4-fluoro-N-methylsulfonylanilino)butanoyl]amino]-N-propylbutanamide.,25
Identify the carbon atom count in the molecule CCCC1CCCCN1C(=O)C(NC(C)=O)C1CC(C(=O)O)CC1N=C(N)N.,Identify the carbon atom count in the molecule 3-[1-acetamido-2-oxo-2-(2-propylpiperidin-1-yl)ethyl]-4-(diaminomethylideneamino)cyclopentane-1-carboxylic acid.,19
How many carbon atoms make up the structure Cc1ccc(-n2ncc3c(NCCC4=CCCCC4)ncnc32)cc1C?,"How many carbon atoms make up the structure N-[2-(cyclohexen-1-yl)ethyl]-1-(3,4-dimethylphenyl)pyrazolo[3,4-d]pyrimidin-4-amine?",21
Identify the carbon atom count in the molecule O=C(Cn1c(CNC(=O)C2CCCCC2)nc2ccccc21)NCc1ccc(F)cc1.,Identify the carbon atom count in the molecule N-[[1-[2-[(4-fluorophenyl)methylamino]-2-oxoethyl]benzimidazol-2-yl]methyl]cyclohexanecarboxamide.,24
Compute the total number of carbons in CCC1CCC2(CC1)NC(=O)N(CC(=O)N[C@H](C)CCc1ccccc1)C2=O.,"Compute the total number of carbons in 2-(8-ethyl-2,4-dioxo-1,3-diazaspiro[4.5]decan-3-yl)-N-[(2R)-4-phenylbutan-2-yl]acetamide.",22
Determine the total carbon count for Cc1cccc(Cc2c(C)nc(SCc3ccc(Cl)cc3Cl)n(C)c2=O)c1.,"Determine the total carbon count for 2-[(2,4-dichlorophenyl)methylsulfanyl]-3,6-dimethyl-5-[(3-methylphenyl)methyl]pyrimidin-4-one.",21
"For the molecule Cc1ccc(C)c(-n2nc(C(=O)Nc3ccc(Br)cc3C)nc2-c2ccccc2)c1, how many carbon atoms does it contain?","For the molecule N-(4-bromo-2-methylphenyl)-1-(2,5-dimethylphenyl)-5-phenyl-1,2,4-triazole-3-carboxamide, how many carbon atoms does it contain?",24
Compute the total number of carbons in CN(C)CCc1c(C(c2c[nH]c3ccccc23)C(O)CO)[nH]c2ccc(O)cc12.,"Compute the total number of carbons in 3-[3-[2-(dimethylamino)ethyl]-5-hydroxy-1H-indol-2-yl]-3-(1H-indol-3-yl)propane-1,2-diol.",23
"For the molecule NC(=O)C1(CO)COC1, how many carbon atoms does it contain?","For the molecule 3-(hydroxymethyl)oxetane-3-carboxamide, how many carbon atoms does it contain?",5
"Given CCC(NC(=O)c1ccc(F)cc1N)c1cccc(Cl)c1, return the number of carbon atoms.","Given 2-amino-N-[1-(3-chlorophenyl)propyl]-4-fluorobenzamide, return the number of carbon atoms.",16
Compute the total number of carbons in COCC(COC)c1nc2cc(-c3noc(=O)[nH]3)nc(-c3cncc(Cl)c3)c2n1CC1CCC(C)CC1.,"Compute the total number of carbons in 3-[4-(5-chloro-3-pyridinyl)-2-(1,3-dimethoxypropan-2-yl)-3-[(4-methylcyclohexyl)methyl]imidazo[4,5-c]pyridin-6-yl]-4H-1,2,4-oxadiazol-5-one.",26
Count the number of carbon atoms in CC1(C)CCC=C1C1=CCC=CC2=C1CCC2.,"Count the number of carbon atoms in 4-(5,5-dimethylcyclopenten-1-yl)-1,2,3,6-tetrahydroazulene.",17
"Given CN(Cc1ccco1)c1cc(-c2cccc(NS(C)(=O)=O)c2)ncn1, return the number of carbon atoms.","Given N-[3-[6-[furan-2-ylmethyl(methyl)amino]pyrimidin-4-yl]phenyl]methanesulfonamide, return the number of carbon atoms.",17
"Given CN1CC[C@@H](N(Cc2cc(-c3ccc4[nH]ncc4c3)ccc2F)C(=O)c2ccc(F)cc2)C1.O=C(O)C(F)(F)F, return the number of carbon atoms.","Given 4-fluoro-N-[[2-fluoro-5-(1H-indazol-5-yl)phenyl]methyl]-N-[(3R)-1-methylpyrrolidin-3-yl]benzamide;2,2,2-trifluoroacetic acid, return the number of carbon atoms.",28
How many carbons are present in the molecule O=C1CCSc2ccc(C(=O)NCc3ccc(O)cc3)cc2N1?,"How many carbons are present in the molecule N-[(4-hydroxyphenyl)methyl]-4-oxo-3,5-dihydro-2H-1,5-benzothiazepine-7-carboxamide?",17
Compute the total number of carbons in COc1ccc(S(=O)(=O)N(C)CC2Oc3c(NC(=O)Nc4cccc5ccccc45)cccc3C(=O)N(C(C)CO)CC2C)cc1OC.,"Compute the total number of carbons in 1-[2-[[(3,4-dimethoxyphenyl)sulfonyl-methylamino]methyl]-5-(1-hydroxypropan-2-yl)-3-methyl-6-oxo-3,4-dihydro-2H-1,5-benzoxazocin-10-yl]-3-naphthalen-1-ylurea.",35
Count the number of carbon atoms in CC(Cn1c(N)nc2cc(F)ccc21)N(C)C1CC1.,Count the number of carbon atoms in 1-[2-[cyclopropyl(methyl)amino]propyl]-5-fluorobenzimidazol-2-amine.,14
"Given COc1ccc(-c2noc(C3CCCN(C(=O)Nc4ccc(Cl)cc4)C3)n2)cc1, return the number of carbon atoms.","Given N-(4-chlorophenyl)-3-[3-(4-methoxyphenyl)-1,2,4-oxadiazol-5-yl]piperidine-1-carboxamide, return the number of carbon atoms.",21
How many carbons are present in the molecule Cc1ccc(C[C@H](NC(=O)C2O[C@H]2C(=O)CCC(=O)O)C(=O)CCc2cccc3ccccc23)cc1?,How many carbons are present in the molecule 4-[(2R)-3-[[(2S)-1-(4-methylphenyl)-5-naphthalen-1-yl-3-oxopentan-2-yl]carbamoyl]oxiran-2-yl]-4-oxobutanoic acid?,29
How many carbons are present in the molecule CCCNC(=O)[C@H]1COc2ccccc2C1?,"How many carbons are present in the molecule (3R)-N-propyl-3,4-dihydro-2H-chromene-3-carboxamide?",13
Identify the carbon atom count in the molecule CC(C)CN1C[C@@H](OCc2cccc(F)c2)CN(C(=O)[C@@H]2CCC(=O)N2)CC1=O.,"Identify the carbon atom count in the molecule (6R)-6-[(3-fluorophenyl)methoxy]-1-(2-methylpropyl)-4-[(2S)-5-oxopyrrolidine-2-carbonyl]-1,4-diazepan-2-one.",21
Determine the total carbon count for Cc1cc(C)cc(-n2c(C)cc([C@@H]3[C@@H](c4ccccn4)NC(=S)N3CCCNc3ccccc3)c2C)c1.,"Determine the total carbon count for (4S,5R)-1-(3-anilinopropyl)-5-[1-(3,5-dimethylphenyl)-2,5-dimethylpyrrol-3-yl]-4-pyridin-2-ylimidazolidine-2-thione.",31
Count the number of carbon atoms in Cn1c(=O)oc2cc(S(=O)(=O)NCCc3csc(-c4ccncc4)n3)ccc21.,"Count the number of carbon atoms in 3-methyl-2-oxo-N-[2-(2-pyridin-4-yl-1,3-thiazol-4-yl)ethyl]-1,3-benzoxazole-6-sulfonamide.",18
Identify the carbon atom count in the molecule O=CC1(O)CC=CCC1.,Identify the carbon atom count in the molecule 1-hydroxycyclohex-3-ene-1-carbaldehyde.,7
Count the number of carbon atoms in Cc1nc(-c2ccc(C)c(S(=O)(=O)N3CCC(C(=O)Nc4ccc(Cl)cc4)CC3)c2)no1.,"Count the number of carbon atoms in N-(4-chlorophenyl)-1-[2-methyl-5-(5-methyl-1,2,4-oxadiazol-3-yl)phenyl]sulfonylpiperidine-4-carboxamide.",22
How many carbons are present in the molecule COc1cc(C(=O)N(C(=O)N2CCCCC2)c2ccccc2)cc(OC)c1OC?,"How many carbons are present in the molecule N-phenyl-N-(3,4,5-trimethoxybenzoyl)piperidine-1-carboxamide?",22
Report the number of carbon atoms in CCOC(=O)C1=C(c2ccccc2)c2ccc(OCCCc3ccccc3)cc2C1=O.,Report the number of carbon atoms in ethyl 3-oxo-1-phenyl-5-(3-phenylpropoxy)indene-2-carboxylate.,27
"For the molecule C[C@H]1Cc2cc(Br)ccc2N1C(=O)COc1ccc(S(=O)(=O)N2CCCCC2)cc1Cl, how many carbon atoms does it contain?","For the molecule 1-[(2S)-5-bromo-2-methyl-2,3-dihydroindol-1-yl]-2-(2-chloro-4-piperidin-1-ylsulfonylphenoxy)ethanone, how many carbon atoms does it contain?",22
"For the molecule Cc1nn(C)c(-n2ccc3cc(Cl)ccc32)c1CC=O, how many carbon atoms does it contain?","For the molecule 2-[5-(5-chloroindol-1-yl)-1,3-dimethylpyrazol-4-yl]acetaldehyde, how many carbon atoms does it contain?",15
Count the number of carbon atoms in NC(=O)c1ccc(NC(=O)c2c[nH]c3ccccc23)cc1.,Count the number of carbon atoms in N-(4-carbamoylphenyl)-1H-indole-3-carboxamide.,16
Determine the total carbon count for CCc1nnc(NC(=O)[C@H](C)N2C(=O)[C@H]3CC=CC[C@@H]3C2=O)s1.,"Determine the total carbon count for (2S)-2-[(3aS,7aS)-1,3-dioxo-3a,4,7,7a-tetrahydroisoindol-2-yl]-N-(5-ethyl-1,3,4-thiadiazol-2-yl)propanamide.",15
Determine the total carbon count for Cc1nc(-c2nc(C(=O)Nc3cccnc3)c3ccccn23)cn1C(C)C.,"Determine the total carbon count for 3-(2-methyl-1-propan-2-ylimidazol-4-yl)-N-pyridin-3-ylimidazo[1,5-a]pyridine-1-carboxamide.",20
Compute the total number of carbons in Cc1cc(C)c(C)c(-c2nnc(NC(=O)c3ccc(F)cc3)s2)c1C.,"Compute the total number of carbons in 4-fluoro-N-[5-(2,3,5,6-tetramethylphenyl)-1,3,4-thiadiazol-2-yl]benzamide.",19
How many carbon atoms make up the structure CCC(=O)N1CCc2cc(C(=O)CN3CCC(NC(=O)C4CCCC4)CC3)ccc21?,"How many carbon atoms make up the structure N-[1-[2-oxo-2-(1-propanoyl-2,3-dihydroindol-5-yl)ethyl]piperidin-4-yl]cyclopentanecarboxamide?",24
Identify the carbon atom count in the molecule CCS(=O)(=O)c1ncc(CN(C)Cc2ccco2)n1CCc1ccccc1.,Identify the carbon atom count in the molecule N-[[2-ethylsulfonyl-3-(2-phenylethyl)imidazol-4-yl]methyl]-1-(furan-2-yl)-N-methylmethanamine.,20
Compute the total number of carbons in CCNC(Cc1cc(F)cc(Br)c1)c1ncccn1.,Compute the total number of carbons in 2-(3-bromo-5-fluorophenyl)-N-ethyl-1-pyrimidin-2-ylethanamine.,14
Count the number of carbon atoms in CCCCC(CCC)(CCBr)CCCCCN1C(=O)c2ccccc2C1=O.,"Count the number of carbon atoms in 2-[6-(2-bromoethyl)-6-propyldecyl]isoindole-1,3-dione.",23
Report the number of carbon atoms in Cc1ccn(-c2ccc(Cl)cc2)c(=O)c1-c1ccc2nc(N)ncc2c1.,Report the number of carbon atoms in 3-(2-aminoquinazolin-6-yl)-1-(4-chlorophenyl)-4-methylpyridin-2-one.,20
"For the molecule O=C1NCCCN1, how many carbon atoms does it contain?","For the molecule 1,3-diazinan-2-one, how many carbon atoms does it contain?",4
"For the molecule COc1ccc(C2CC(=O)C3=C(C2)Nc2ccccc2NC3c2ccc(O)cc2)cc1, how many carbon atoms does it contain?","For the molecule 6-(4-hydroxyphenyl)-9-(4-methoxyphenyl)-5,6,8,9,10,11-hexahydrobenzo[b][1,4]benzodiazepin-7-one, how many carbon atoms does it contain?",26
"Given Cc1c(O)c(O)nn1C, return the number of carbon atoms.","Given 4-hydroxy-2,3-dimethyl-1H-pyrazol-5-one, return the number of carbon atoms.",5
Determine the total carbon count for c1cncc(N2CC2)c1.,Determine the total carbon count for 3-(aziridin-1-yl)pyridine.,7
"Given Cc1ccc(S(=O)(=O)Nc2cc(C(=O)N(C)Cc3cccc(F)c3)ccc2C)cc1, return the number of carbon atoms.","Given N-[(3-fluorophenyl)methyl]-N,4-dimethyl-3-[(4-methylphenyl)sulfonylamino]benzamide, return the number of carbon atoms.",23
What is the total count of carbon atoms in O=S(=O)(c1ccsc1)N1CCC(OCC2CCOC2)CC1?,What is the total count of carbon atoms in 4-(oxolan-3-ylmethoxy)-1-thiophen-3-ylsulfonylpiperidine?,14
"Given CCc1noc(C)c1C(=O)OCC(=O)c1ccc(NC(=O)CC(C)C)cc1, return the number of carbon atoms.","Given [2-[4-(3-methylbutanoylamino)phenyl]-2-oxoethyl] 3-ethyl-5-methyl-1,2-oxazole-4-carboxylate, return the number of carbon atoms.",20
Compute the total number of carbons in O=C(NC[C@H](c1ccco1)c1cccs1)c1ccsc1.,Compute the total number of carbons in N-[(2R)-2-(furan-2-yl)-2-thiophen-2-ylethyl]thiophene-3-carboxamide.,15
Report the number of carbon atoms in Cc1ccc(Oc2ccc(C(=O)NCc3cccnc3)cc2)nn1.,Report the number of carbon atoms in 4-(6-methylpyridazin-3-yl)oxy-N-(pyridin-3-ylmethyl)benzamide.,18
How many carbons are present in the molecule O=C(O)[C@H]1C[C@@H](O)CCN1C(=O)CCN1CCCCO1?,"How many carbons are present in the molecule (2R,4S)-4-hydroxy-1-[3-(oxazinan-2-yl)propanoyl]piperidine-2-carboxylic acid?",13
"For the molecule CC1(C)CC1CC1CC1, how many carbon atoms does it contain?","For the molecule 2-(cyclopropylmethyl)-1,1-dimethylcyclopropane, how many carbon atoms does it contain?",9
What is the total count of carbon atoms in CC(C)Nc1nc(-c2ccc(NCCCN3CCN(C)CC3)c(S(C)(=O)=O)c2)cc2ncn(C)c(=O)c12?,"What is the total count of carbon atoms in 3-methyl-7-[4-[3-(4-methylpiperazin-1-yl)propylamino]-3-methylsulfonylphenyl]-5-(propan-2-ylamino)pyrido[4,3-d]pyrimidin-4-one?",26
How many carbon atoms make up the structure COc1ccc(OCCNC(=O)c2ccc(CN(c3cccc(C)c3)S(C)(=O)=O)cc2)cc1?,How many carbon atoms make up the structure N-[2-(4-methoxyphenoxy)ethyl]-4-[(3-methyl-N-methylsulfonylanilino)methyl]benzamide?,25
How many carbons are present in the molecule CNCCCCC(=O)Cc1cc(C(F)(F)F)cc(CC(=O)c2cc(C(=O)Cc3cc(C(F)(F)F)cc(CC(=O)CCCCNC(=O)OCc4ccccc4)c3O[C@@H]3CCN(C(=O)OC(C)(C)C)C3)ncn2)c1O[C@@H]1CCN(C(=O)OC(C)(C)C)C1?,How many carbons are present in the molecule tert-butyl (3R)-3-[2-[6-(methylamino)-2-oxohexyl]-6-[2-[6-[2-[2-[(3R)-1-[(2-methylpropan-2-yl)oxycarbonyl]pyrrolidin-3-yl]oxy-3-[2-oxo-6-(phenylmethoxycarbonylamino)hexyl]-5-(trifluoromethyl)phenyl]acetyl]pyrimidin-4-yl]-2-oxoethyl]-4-(trifluoromethyl)phenoxy]pyrrolidine-1-carboxylate?,61
Count the number of carbon atoms in Cc1cccc(N2C[C@@]34C=C[C@@H](O3)[C@@H](C(=O)OCC(C)C)[C@@H]4C2=O)c1.,"Count the number of carbon atoms in 2-methylpropyl (1S,5S,6S,7R)-3-(3-methylphenyl)-4-oxo-10-oxa-3-azatricyclo[5.2.1.01,5]dec-8-ene-6-carboxylate.",20
Count the number of carbon atoms in O=C(O)C1CCNC1COc1ccc(Cl)cc1Cl.,"Count the number of carbon atoms in 2-[(2,4-dichlorophenoxy)methyl]pyrrolidine-3-carboxylic acid.",12
How many carbons are present in the molecule CS(=O)(=O)c1ccc(CN2CCC[C@]3(CCNC3)C2)cc1?,"How many carbons are present in the molecule (5R)-7-[(4-methylsulfonylphenyl)methyl]-2,7-diazaspiro[4.5]decane?",16
Determine the total carbon count for Cc1cccc(CN(C(=O)CN(c2cccc(Cl)c2Cl)S(C)(=O)=O)[C@H](Cc2ccccc2)C(=O)NC2CCCC2)c1.,"Determine the total carbon count for (2R)-N-cyclopentyl-2-[[2-(2,3-dichloro-N-methylsulfonylanilino)acetyl]-[(3-methylphenyl)methyl]amino]-3-phenylpropanamide.",31
How many carbon atoms make up the structure CCCCCC=C(c1cc(Br)c(O)c(C(=O)O)c1)c1cc(Br)c(O)c(C(=O)O)c1?,How many carbon atoms make up the structure 3-bromo-5-[1-(3-bromo-5-carboxy-4-hydroxyphenyl)hept-1-enyl]-2-hydroxybenzoic acid?,21
Determine the total carbon count for O=C(Nc1ccccc1Cl)N1CCC(c2nc(-c3ncc4ccccc4n3)no2)CC1.,"Determine the total carbon count for N-(2-chlorophenyl)-4-(3-quinazolin-2-yl-1,2,4-oxadiazol-5-yl)piperidine-1-carboxamide.",22
Report the number of carbon atoms in Cc1ccc(CN(Cc2ccco2)C(=S)Nc2ccccc2F)cc1.,Report the number of carbon atoms in 3-(2-fluorophenyl)-1-(furan-2-ylmethyl)-1-[(4-methylphenyl)methyl]thiourea.,20
How many carbons are present in the molecule C[C@H](Sc1nnc(C[C@H]2CCS(=O)(=O)C2)o1)c1ccc(F)cc1?,"How many carbons are present in the molecule (3S)-3-[[5-[(1S)-1-(4-fluorophenyl)ethyl]sulfanyl-1,3,4-oxadiazol-2-yl]methyl]thiolane 1,1-dioxide?",15
Determine the total carbon count for CC12CCC1COCO2.,"Determine the total carbon count for 1-methyl-2,4-dioxabicyclo[4.2.0]octane.",7
How many carbons are present in the molecule O=C1CC(O)(CO)CO1?,How many carbons are present in the molecule 4-hydroxy-4-(hydroxymethyl)oxolan-2-one?,5
Compute the total number of carbons in CC(CS(C)(=O)=O)Nc1cc2c(cc1Cl)NC(=O)CO2.,"Compute the total number of carbons in 6-chloro-7-(1-methylsulfonylpropan-2-ylamino)-4H-1,4-benzoxazin-3-one.",12
How many carbon atoms make up the structure COc1ccc([C@@H]2C=C(Nc3cccc(C)c3)C(=O)N2c2cccc(C)c2)cc1[N+](=O)[O-]?,How many carbon atoms make up the structure (2S)-2-(4-methoxy-3-nitrophenyl)-4-(3-methylanilino)-1-(3-methylphenyl)-2H-pyrrol-5-one?,25
Compute the total number of carbons in O=C(COC(=O)CSc1cccc2cccc(Cl)c12)Nc1c(Cl)cccc1C(F)(F)F.,Compute the total number of carbons in [2-[2-chloro-6-(trifluoromethyl)anilino]-2-oxoethyl] 2-(8-chloronaphthalen-1-yl)sulfanylacetate.,21
"For the molecule C[C@H]1C[C@@H]1c1ccc(CCC(=O)O)o1, how many carbon atoms does it contain?","For the molecule 3-[5-[(1S,2S)-2-methylcyclopropyl]furan-2-yl]propanoic acid, how many carbon atoms does it contain?",11
How many carbon atoms make up the structure O=C1CC(O)CC(O)C1?,"How many carbon atoms make up the structure 3,5-dihydroxycyclohexan-1-one?",6
How many carbons are present in the molecule COc1cccc(OC)c1-n1c(NS(=O)(=O)C(C)Cc2ncc(F)cn2)nnc1-c1cncc(C)c1?,"How many carbons are present in the molecule N-[4-(2,6-dimethoxyphenyl)-5-(5-methyl-3-pyridinyl)-1,2,4-triazol-3-yl]-1-(5-fluoropyrimidin-2-yl)propane-2-sulfonamide?",23
Determine the total carbon count for COc1cccc(-c2cccc(C3(c4ccncc4)N=C(N)CS3)c2)c1.,"Determine the total carbon count for 2-[3-(3-methoxyphenyl)phenyl]-2-pyridin-4-yl-5H-1,3-thiazol-4-amine.",21
Report the number of carbon atoms in COc1cccc(C2CN(C(=O)c3[nH]nc4c3CCC4)CC2N)c1.,"Report the number of carbon atoms in [3-amino-4-(3-methoxyphenyl)pyrrolidin-1-yl]-(1,4,5,6-tetrahydrocyclopenta[d]pyrazol-3-yl)methanone.",18
"For the molecule CCc1ccc(C=NNC(=O)c2cc(C3CC3)nc3ccc(Br)cc23)s1, how many carbon atoms does it contain?","For the molecule 6-bromo-2-cyclopropyl-N-[(5-ethylthiophen-2-yl)methylideneamino]quinoline-4-carboxamide, how many carbon atoms does it contain?",20
How many carbon atoms make up the structure CC1CN(C(=O)NC2(C(=O)O)CCCCC2)CCO1?,How many carbon atoms make up the structure 1-[(2-methylmorpholine-4-carbonyl)amino]cyclohexane-1-carboxylic acid?,13
Identify the carbon atom count in the molecule Cc1[nH]nc2c1C(c1ccccc1)C1=C(CC(C)(C)CC1=O)N2.,"Identify the carbon atom count in the molecule 3,7,7-trimethyl-4-phenyl-4,6,8,9-tetrahydro-2H-pyrazolo[3,4-b]quinolin-5-one.",19
What is the total count of carbon atoms in CCCn1nc(C(=O)O)c2c1CC[C@@H](NCc1ccc(O)cc1)C2?,"What is the total count of carbon atoms in (5R)-5-[(4-hydroxyphenyl)methylamino]-1-propyl-4,5,6,7-tetrahydroindazole-3-carboxylic acid?",18
Count the number of carbon atoms in O=C(O)C=CC(=O)NCCC1=CCCCC1.,Count the number of carbon atoms in 4-[2-(cyclohexen-1-yl)ethylamino]-4-oxobut-2-enoic acid.,12
Report the number of carbon atoms in Cc1ccc(C=O)cc1.,Report the number of carbon atoms in 4-methylbenzaldehyde.,8
What is the total count of carbon atoms in CN(CC1CCCOC1)c1cc(Cl)nc(C2CC2)n1?,What is the total count of carbon atoms in 6-chloro-2-cyclopropyl-N-methyl-N-(oxan-3-ylmethyl)pyrimidin-4-amine?,14
Determine the total carbon count for CCOC(=O)c1cc(C(=O)c2ccccc2)n2ccc(-c3ccncc3)cc12.,Determine the total carbon count for ethyl 3-benzoyl-7-pyridin-4-ylindolizine-1-carboxylate.,23
What is the total count of carbon atoms in CCCCOc1cccc(C(CN)C(=O)OC(C)(C)C)c1?,What is the total count of carbon atoms in tert-butyl 3-amino-2-(3-butoxyphenyl)propanoate?,17
"For the molecule COC(=O)C1=C(N)Oc2c(oc(CO)cc2=O)C1c1ccccc1C(F)(F)F, how many carbon atoms does it contain?","For the molecule methyl 2-amino-6-(hydroxymethyl)-8-oxo-4-[2-(trifluoromethyl)phenyl]-4H-pyrano[3,2-b]pyran-3-carboxylate, how many carbon atoms does it contain?",18
How many carbons are present in the molecule COCc1nc2c(o1)CN(Cc1cccnc1OC)C2?,"How many carbons are present in the molecule 2-(methoxymethyl)-5-[(2-methoxy-3-pyridinyl)methyl]-4,6-dihydropyrrolo[3,4-d][1,3]oxazole?",14
Identify the carbon atom count in the molecule CS(=O)(=O)N(Cc1ccc(C(=O)NCc2cccc(C(F)(F)F)c2)cc1)c1cc(Cl)cc(Cl)c1.,"Identify the carbon atom count in the molecule 4-[(3,5-dichloro-N-methylsulfonylanilino)methyl]-N-[[3-(trifluoromethyl)phenyl]methyl]benzamide.",23
"For the molecule CC(C)c1nccn1C1CN(C(=O)NCc2ccc(F)cc2)C1, how many carbon atoms does it contain?","For the molecule N-[(4-fluorophenyl)methyl]-3-(2-propan-2-ylimidazol-1-yl)azetidine-1-carboxamide, how many carbon atoms does it contain?",17
How many carbon atoms make up the structure Cc1cccc(CS(=O)(=O)N2CCC(C(=O)N[C@H]3CCCc4ccccc43)CC2)c1?,"How many carbon atoms make up the structure 1-[(3-methylphenyl)methylsulfonyl]-N-[(1S)-1,2,3,4-tetrahydronaphthalen-1-yl]piperidine-4-carboxamide?",24
How many carbon atoms make up the structure Cc1ccccc1[C@@H](C)NC(=O)c1c(C)nn(C)c1C?,"How many carbon atoms make up the structure 1,3,5-trimethyl-N-[(1R)-1-(2-methylphenyl)ethyl]pyrazole-4-carboxamide?",16
Compute the total number of carbons in CC1CN(CC(=O)NCc2ccccc2)CC(C)O1.,"Compute the total number of carbons in N-benzyl-2-(2,6-dimethylmorpholin-4-yl)acetamide.",15
How many carbon atoms make up the structure CCOC(=O)[C@H]1c2c(n(C)c3ccccc23)[C@@H]2CN1C(=O)N2OS(=O)(=O)O?,"How many carbon atoms make up the structure ethyl (1S,11R)-3-methyl-13-oxo-14-sulfooxy-3,12,14-triazatetracyclo[10.2.1.02,10.04,9]pentadeca-2(10),4,6,8-tetraene-11-carboxylate?",16
How many carbons are present in the molecule COc1ccc(-c2cn3cccc(C)c3n2)cc1NC(=O)c1c(-c2ccccc2Cl)noc1C?,"How many carbons are present in the molecule 3-(2-chlorophenyl)-N-[2-methoxy-5-(8-methylimidazo[1,2-a]pyridin-2-yl)phenyl]-5-methyl-1,2-oxazole-4-carboxamide?",26
Determine the total carbon count for Cc1cccc2c1CCC2=CC(=O)NC1CC1.,"Determine the total carbon count for N-cyclopropyl-2-(4-methyl-2,3-dihydroinden-1-ylidene)acetamide.",15
Count the number of carbon atoms in Cc1cc(C(=O)N2Cc3nccn3C[C@H](CN3CCCC3=O)C2)no1.,"Count the number of carbon atoms in 1-[[(6R)-8-(5-methyl-1,2-oxazole-3-carbonyl)-5,6,7,9-tetrahydroimidazo[1,2-a][1,4]diazepin-6-yl]methyl]pyrrolidin-2-one.",17
Determine the total carbon count for O=C(Nc1ccc(F)cc1)c1nnc(C2CCN(C(=O)Nc3ccc(F)c(Cl)c3)CC2)s1.,"Determine the total carbon count for 5-[1-[(3-chloro-4-fluorophenyl)carbamoyl]piperidin-4-yl]-N-(4-fluorophenyl)-1,3,4-thiadiazole-2-carboxamide.",21
Compute the total number of carbons in O=COCCCC1CO1.,Compute the total number of carbons in 3-(oxiran-2-yl)propyl formate.,6
What is the total count of carbon atoms in CC[C@H](C)Oc1c(I)cc(C=Nn2c(-c3ccccc3)nc3ccccc3c2=O)cc1I?,"What is the total count of carbon atoms in 3-[[4-[(2S)-butan-2-yl]oxy-3,5-diiodophenyl]methylideneamino]-2-phenylquinazolin-4-one?",25
How many carbons are present in the molecule CCC(=O)NCc1cccc(-c2ccc(F)c(CO)c2)c1?,How many carbons are present in the molecule N-[[3-[4-fluoro-3-(hydroxymethyl)phenyl]phenyl]methyl]propanamide?,17
How many carbons are present in the molecule O=C(O)C1Cc2ccccc2N1?,"How many carbons are present in the molecule 2,3-dihydro-1H-indole-2-carboxylic acid?",9
Compute the total number of carbons in CCN1C(=O)[C@@](O)(CC(=O)c2ccc(-n3cccc3)cc2)c2cc(Br)ccc21.,Compute the total number of carbons in (3R)-5-bromo-1-ethyl-3-hydroxy-3-[2-oxo-2-(4-pyrrol-1-ylphenyl)ethyl]indol-2-one.,22
Count the number of carbon atoms in CCn1c(=O)n(C)c(=O)c2c3c(cnc21)C(=O)CC(C)(C)C3.,"Count the number of carbon atoms in 4-ethyl-2,9,9-trimethyl-8,10-dihydropyrimido[4,5-c]isoquinoline-1,3,7-trione.",16
Count the number of carbon atoms in CC(C)n1nc(CN(C)C)c2c1CN(C1CCOC1)C2.,"Count the number of carbon atoms in N,N-dimethyl-1-[5-(oxolan-3-yl)-1-propan-2-yl-4,6-dihydropyrrolo[3,4-d]pyrazol-3-yl]methanamine.",15
How many carbon atoms make up the structure CP(C)(=O)c1ncn2c(CCc3c(F)ccc4c3CCO4)ncc(-c3ccccc3)c12.CS(=O)(=O)c1ncn2c(CCc3c(F)ccc4c3CCO4)ncc(-c3ccccc3)c12.CSc1ncc(Br)c2cncn12.Cc1ncn2c(CCc3c(F)ccc4c3CCO4)ncc(-c3ccccc3)c12.Fc1ccc2c(c1CCc1ncc(-c3ccccc3)c3c(I)ncn13)CCO2.Fc1ccc2c(c1CCc1ncc(-c3ccccc3)c3cncn13)CCO2.Fc1ccc2c(c1CCc1ncc(Br)c3cncn13)CCO2?,"How many carbon atoms make up the structure 8-bromo-5-[2-(5-fluoro-2,3-dihydro-1-benzofuran-4-yl)ethyl]imidazo[1,5-c]pyrimidine;8-bromo-5-methylsulfanylimidazo[1,5-c]pyrimidine;1-dimethylphosphoryl-5-[2-(5-fluoro-2,3-dihydro-1-benzofuran-4-yl)ethyl]-8-phenylimidazo[1,5-c]pyrimidine;5-[2-(5-fluoro-2,3-dihydro-1-benzofuran-4-yl)ethyl]-1-iodo-8-phenylimidazo[1,5-c]pyrimidine;5-[2-(5-fluoro-2,3-dihydro-1-benzofuran-4-yl)ethyl]-1-methyl-8-phenylimidazo[1,5-c]pyrimidine;5-[2-(5-fluoro-2,3-dihydro-1-benzofuran-4-yl)ethyl]-1-methylsulfonyl-8-phenylimidazo[1,5-c]pyrimidine;5-[2-(5-fluoro-2,3-dihydro-1-benzofuran-4-yl)ethyl]-8-phenylimidazo[1,5-c]pyrimidine?",137
What is the total count of carbon atoms in CC(C)(C)c1nnc(SCC(=O)Nc2ccc(N3CCCCC3)cc2)n1N?,"What is the total count of carbon atoms in 2-[(4-amino-5-tert-butyl-1,2,4-triazol-3-yl)sulfanyl]-N-(4-piperidin-1-ylphenyl)acetamide?",19
"Given O=C1CC(c2cccc(Cl)c2)CC(=O)C1=CNCCCO, return the number of carbon atoms.","Given 5-(3-chlorophenyl)-3-hydroxy-2-(3-hydroxypropyliminomethyl)cyclohex-2-en-1-one, return the number of carbon atoms.",16
Count the number of carbon atoms in CCCOCC(O)CC.,Count the number of carbon atoms in 1-propoxybutan-2-ol.,7
Identify the carbon atom count in the molecule CC(Nc1ccc(C(=O)O)c(Br)c1)c1ccccc1F.,Identify the carbon atom count in the molecule 2-bromo-4-[1-(2-fluorophenyl)ethylamino]benzoic acid.,15
Determine the total carbon count for CN(c1nc(=[N+](C)C)ss1)C1CCCCC1.,"Determine the total carbon count for [5-[cyclohexyl(methyl)amino]-1,2,4-dithiazol-3-ylidene]-dimethylazanium.",11
Report the number of carbon atoms in Cc1nc(C)c(C(=O)N2C[C@H]3C[C@H](C2)[C@H]2CCCC(=O)N2C3)s1.,"Report the number of carbon atoms in (1R,2R,9R)-11-(2,4-dimethyl-1,3-thiazole-5-carbonyl)-7,11-diazatricyclo[7.3.1.02,7]tridecan-6-one.",17
What is the total count of carbon atoms in O=C(NC1CCCC1)c1ccc(Br)s1?,What is the total count of carbon atoms in 5-bromo-N-cyclopentylthiophene-2-carboxamide?,10
How many carbons are present in the molecule O=S(=O)(NC1CCCNC1)c1c(F)cccc1F?,"How many carbons are present in the molecule 2,6-difluoro-N-piperidin-3-ylbenzenesulfonamide?",11
How many carbon atoms make up the structure CN(c1ncnc2[nH]ccc12)C1CC(NS(=O)(=O)C2CC(F)(F)C2)C1?,"How many carbon atoms make up the structure 3,3-difluoro-N-[3-[methyl(7H-pyrrolo[2,3-d]pyrimidin-4-yl)amino]cyclobutyl]cyclobutane-1-sulfonamide?",15
Report the number of carbon atoms in COc1ccc(OC)c(N(CC(=O)N2CCCCC2)S(=O)(=O)c2ccc(OC)c(OC)c2)c1.,"Report the number of carbon atoms in N-(2,5-dimethoxyphenyl)-3,4-dimethoxy-N-(2-oxo-2-piperidin-1-ylethyl)benzenesulfonamide.",23
Count the number of carbon atoms in CCNC(=O)C(Cc1ccccc1)NC(=O)C(COCc1ccccc1)NS(C)(=O)=O.,Count the number of carbon atoms in N-ethyl-2-[[2-(methanesulfonamido)-3-phenylmethoxypropanoyl]amino]-3-phenylpropanamide.,22
Compute the total number of carbons in CCCCCS(=O)(=O)CC(=O)N[C@H](CC(=O)O)c1cccc2ccccc12.,Compute the total number of carbons in (3R)-3-naphthalen-1-yl-3-[(2-pentylsulfonylacetyl)amino]propanoic acid.,20
How many carbons are present in the molecule CN(CCCc1nccn1C)C(=O)Nc1cccc(Cl)c1F?,How many carbons are present in the molecule 3-(3-chloro-2-fluorophenyl)-1-methyl-1-[3-(1-methylimidazol-2-yl)propyl]urea?,15
"For the molecule Cc1ccccc1CC(=O)N1CCC[C@H]1COc1ccc(C(=O)NC(C)C)cc1, how many carbon atoms does it contain?","For the molecule 4-[[(2S)-1-[2-(2-methylphenyl)acetyl]pyrrolidin-2-yl]methoxy]-N-propan-2-ylbenzamide, how many carbon atoms does it contain?",24
What is the total count of carbon atoms in CCCCN(CCCC)CN1C(=O)C(=NNC(=O)CON=Cc2ccc(OC)c(OC)c2)c2cc(Br)ccc21?,"What is the total count of carbon atoms in N-[5-bromo-1-[(dibutylamino)methyl]-2-hydroxyindol-3-yl]imino-2-[(3,4-dimethoxyphenyl)methylideneamino]oxyacetamide?",28
Compute the total number of carbons in CC(=O)Nc1nonc1-c1nnc(SCc2cccc(Br)c2)n1C.,"Compute the total number of carbons in N-[4-[5-[(3-bromophenyl)methylsulfanyl]-4-methyl-1,2,4-triazol-3-yl]-1,2,5-oxadiazol-3-yl]acetamide.",14
"Given Cc1n[nH]cc1CN1C[C@H](c2ccc(Cl)cc2)[C@@H](O)[C@H]1CO, return the number of carbon atoms.","Given (2R,3R,4S)-4-(4-chlorophenyl)-2-(hydroxymethyl)-1-[(5-methyl-1H-pyrazol-4-yl)methyl]pyrrolidin-3-ol, return the number of carbon atoms.",16
How many carbon atoms make up the structure Cc1nc(NCCC2=CCCCC2)cc(C(=O)NCc2ccccc2)n1?,How many carbon atoms make up the structure N-benzyl-6-[2-(cyclohexen-1-yl)ethylamino]-2-methylpyrimidine-4-carboxamide?,21
Count the number of carbon atoms in O=C(O)C(F)(F)c1ccc(OC(F)(F)F)c(Br)c1.,"Count the number of carbon atoms in 2-[3-bromo-4-(trifluoromethoxy)phenyl]-2,2-difluoroacetic acid.",9
How many carbon atoms make up the structure Cc1ccn2c(c1)nc(=S)n2C(=O)c1ccc(F)cc1?,"How many carbon atoms make up the structure (4-fluorophenyl)-(7-methyl-2-sulfanylidene-[1,2,4]triazolo[1,5-a]pyridin-3-yl)methanone?",14
"Given CCc1ncc(NC(=O)NC(C)CO)cn1, return the number of carbon atoms.","Given 1-(2-ethylpyrimidin-5-yl)-3-(1-hydroxypropan-2-yl)urea, return the number of carbon atoms.",10
Count the number of carbon atoms in Cc1cccc(Cn2c(=O)c3c(nc4n3C[C@@H](C)CN4c3ccc(Cl)cc3)n(C)c2=O)c1.,"Count the number of carbon atoms in (7S)-9-(4-chlorophenyl)-1,7-dimethyl-3-[(3-methylphenyl)methyl]-7,8-dihydro-6H-purino[7,8-a]pyrimidine-2,4-dione.",24
Determine the total carbon count for CC1(C)C[C@@H](NCc2ccccc2OCCO)C(C)(C)O1.,"Determine the total carbon count for 2-[2-[[[(3R)-2,2,5,5-tetramethyloxolan-3-yl]amino]methyl]phenoxy]ethanol.",17
How many carbons are present in the molecule CC(C)Cn1c(N)c(C(=O)COC(=O)c2ccc([N+](=O)[O-])o2)c(=O)n(C)c1=O?,"How many carbons are present in the molecule [2-[4-amino-1-methyl-3-(2-methylpropyl)-2,6-dioxopyrimidin-5-yl]-2-oxoethyl] 5-nitrofuran-2-carboxylate?",16
Determine the total carbon count for CC(C)CC(C)C1CC1.,Determine the total carbon count for 4-methylpentan-2-ylcyclopropane.,9
What is the total count of carbon atoms in COCN(C)CCc1c(C)cc(C)cc1OC?,"What is the total count of carbon atoms in 2-(2-methoxy-4,6-dimethylphenyl)-N-(methoxymethyl)-N-methylethanamine?",14
Compute the total number of carbons in CC1(C)CCc2cc(S(=O)(=O)N(CC(=O)O)Cc3ccc(Oc4ccc(C(F)(F)F)cn4)cc3)ccc2O1.,"Compute the total number of carbons in 2-[(2,2-dimethyl-3,4-dihydrochromen-6-yl)sulfonyl-[[4-[[5-(trifluoromethyl)-2-pyridinyl]oxy]phenyl]methyl]amino]acetic acid.",26
Count the number of carbon atoms in CC1(c2ccccc2)NC(=O)N(Cc2cccc3c2OCCO3)C1=O.,"Count the number of carbon atoms in 3-(2,3-dihydro-1,4-benzodioxin-5-ylmethyl)-5-methyl-5-phenylimidazolidine-2,4-dione.",19
Report the number of carbon atoms in CC(=NNC(=S)Nc1ccccc1)c1ccc(Cl)c(Cl)c1.,"Report the number of carbon atoms in 1-[1-(3,4-dichlorophenyl)ethylideneamino]-3-phenylthiourea.",15
How many carbon atoms make up the structure COc1cccc(F)c1-c1nccn1[C@H]1CCC[C@@H]1O.O=CO?,"How many carbon atoms make up the structure formic acid;trans-(1S,2S)-2-[2-(2-fluoro-6-methoxyphenyl)imidazol-1-yl]cyclopentan-1-ol?",16
"For the molecule Nc1nc(C(=NOCCF)C(=O)NC2C(=O)N3C(C(=O)O)=C(Sc4nc5ccccc5o4)CCC23)cs1, how many carbon atoms does it contain?","For the molecule 7-[[2-(2-amino-1,3-thiazol-4-yl)-2-(2-fluoroethoxyimino)acetyl]amino]-3-(1,3-benzoxazol-2-ylsulfanyl)-8-oxo-1-azabicyclo[4.2.0]oct-2-ene-2-carboxylic acid, how many carbon atoms does it contain?",22
What is the total count of carbon atoms in CCCOC(=O)c1cccc(NC(=O)CSc2nnc(CNC(=O)c3ccc(C)cc3)n2CC)c1?,"What is the total count of carbon atoms in propyl 3-[[2-[[4-ethyl-5-[[(4-methylbenzoyl)amino]methyl]-1,2,4-triazol-3-yl]sulfanyl]acetyl]amino]benzoate?",25
How many carbon atoms make up the structure O=C(C1CCC(=O)N1Cc1ccccc1Cl)N1CCC2(CC1)OCCO2?,"How many carbon atoms make up the structure 1-[(2-chlorophenyl)methyl]-5-(1,4-dioxa-8-azaspiro[4.5]decane-8-carbonyl)pyrrolidin-2-one?",19
How many carbon atoms make up the structure COCc1cc(C)[nH]c(=O)c1C(=O)NC12CC3CC(CC(C3)C1)C2?,How many carbon atoms make up the structure N-(1-adamantyl)-4-(methoxymethyl)-6-methyl-2-oxo-1H-pyridine-3-carboxamide?,19
Compute the total number of carbons in COc1ccc([C@@H](C(=O)NC[C@@H]2CCCO2)N(C(=O)CNC(=O)c2cccs2)c2cccnc2)cc1OC.,"Compute the total number of carbons in N-[2-[[(1S)-1-(3,4-dimethoxyphenyl)-2-oxo-2-[[(2S)-oxolan-2-yl]methylamino]ethyl]-pyridin-3-ylamino]-2-oxoethyl]thiophene-2-carboxamide.",27
How many carbons are present in the molecule O=c1c2cc([N+](=O)[O-])ccc2nc(CN2CCOCC2)n1-c1ccccc1F?,How many carbons are present in the molecule 3-(2-fluorophenyl)-2-(morpholin-4-ylmethyl)-6-nitroquinazolin-4-one?,19
Identify the carbon atom count in the molecule C[C@@H]1CN(C(=O)N[C@@H](CS(C)(=O)=O)c2ccccc2)CCCO1.,"Identify the carbon atom count in the molecule (2R)-2-methyl-N-[(1R)-2-methylsulfonyl-1-phenylethyl]-1,4-oxazepane-4-carboxamide.",16
Determine the total carbon count for CCOC(=O)CC1=CC(=O)N(CC(=O)Nc2ccc(OC)cc2OC)c2ccccc2N1.,"Determine the total carbon count for ethyl 2-[1-[2-(2,4-dimethoxyanilino)-2-oxoethyl]-2-oxo-5H-1,5-benzodiazepin-4-yl]acetate.",23
"Given COc1ccc(-c2csc(NC3CCCCC3)n2)c(OC)c1, return the number of carbon atoms.","Given N-cyclohexyl-4-(2,4-dimethoxyphenyl)-1,3-thiazol-2-amine, return the number of carbon atoms.",17
How many carbon atoms make up the structure CCc1ccc(C2NC(=O)NC(O)(C(F)(F)F)C2C(=O)c2ccc(C)cc2)cc1?,"How many carbon atoms make up the structure 6-(4-ethylphenyl)-4-hydroxy-5-(4-methylbenzoyl)-4-(trifluoromethyl)-1,3-diazinan-2-one?",21
Count the number of carbon atoms in O=C1COC2CCCC12.,"Count the number of carbon atoms in 4,5,6,6a-tetrahydro-3aH-cyclopenta[b]furan-3-one.",7
Count the number of carbon atoms in CC(C)(C)OC(=O)NCC[C@@H](NC(=O)OC(C)(C)C)C(=O)O.,"Count the number of carbon atoms in (2R)-2,4-bis[(2-methylpropan-2-yl)oxycarbonylamino]butanoic acid.",14
Count the number of carbon atoms in CC(C)CC(CC(=O)NO)C(=O)NC(CC(C)C)c1nc2cc(Cl)c(Cl)cc2[nH]1.,"Count the number of carbon atoms in N-[1-(5,6-dichloro-1H-benzimidazol-2-yl)-3-methylbutyl]-N'-hydroxy-2-(2-methylpropyl)butanediamide.",20
Determine the total carbon count for Cn1c(C(C)(C)C)cc(=NC(=O)c2cc(C(F)(F)F)ccc2ONC(C)(C)C)n1CCC(F)(F)F.,"Determine the total carbon count for 2-(tert-butylamino)oxy-N-[5-tert-butyl-1-methyl-2-(3,3,3-trifluoropropyl)pyrazol-3-ylidene]-5-(trifluoromethyl)benzamide.",23
Identify the carbon atom count in the molecule O=C(C=Cc1ccc2ccccc2c1)Nc1ccc2c(c1)OCCO2.,"Identify the carbon atom count in the molecule N-(2,3-dihydro-1,4-benzodioxin-6-yl)-3-naphthalen-2-ylprop-2-enamide.",21
How many carbons are present in the molecule CCOc1cc(C=C2C(=O)NC(=O)N(C)C2=O)ccc1OCc1ccc(F)cc1?,"How many carbons are present in the molecule 5-[[3-ethoxy-4-[(4-fluorophenyl)methoxy]phenyl]methylidene]-1-methyl-1,3-diazinane-2,4,6-trione?",21
Report the number of carbon atoms in Cc1n[nH]c2ccc(-c3nnc(NCC(N)Cc4ccccc4C(F)(F)F)s3)cc12.,"Report the number of carbon atoms in 1-N-[5-(3-methyl-2H-indazol-5-yl)-1,3,4-thiadiazol-2-yl]-3-[2-(trifluoromethyl)phenyl]propane-1,2-diamine.",20
What is the total count of carbon atoms in CCCc1cnc(-c2ccc(OC)c(OC)c2OC)nc1?,"What is the total count of carbon atoms in 5-propyl-2-(2,3,4-trimethoxyphenyl)pyrimidine?",16
What is the total count of carbon atoms in O=C([C@@H]1[C@@H]2C=C[C@@]3(CN(CCOc4ccccc4)C(=O)[C@@H]13)O2)N1CCC(F)CC1?,"What is the total count of carbon atoms in (1R,5S,6S,7S)-6-(4-fluoropiperidine-1-carbonyl)-3-(2-phenoxyethyl)-10-oxa-3-azatricyclo[5.2.1.01,5]dec-8-en-4-one?",22
Report the number of carbon atoms in COCCN(C)Cc1cc2n(n1)CCN(C(=O)[C@@H]1CCCCN1C(=O)OC)C2.,"Report the number of carbon atoms in methyl (2S)-2-[2-[[2-methoxyethyl(methyl)amino]methyl]-6,7-dihydro-4H-pyrazolo[1,5-a]pyrazine-5-carbonyl]piperidine-1-carboxylate.",19
Compute the total number of carbons in C[C@@H]1COC[C@H](C)N1C(=O)[C@@H]1C[C@@H]1c1ccc(F)cc1.,"Compute the total number of carbons in [(3R,5S)-3,5-dimethylmorpholin-4-yl]-[(1R,2S)-2-(4-fluorophenyl)cyclopropyl]methanone.",16
Determine the total carbon count for CC1(F)C(N)C(CO)OC1n1ccc2c(-c3ccsc3)nc(N)nc21.,"Determine the total carbon count for [3-amino-5-(2-amino-4-thiophen-3-ylpyrrolo[2,3-d]pyrimidin-7-yl)-4-fluoro-4-methyloxolan-2-yl]methanol.",16
What is the total count of carbon atoms in Cc1ccc(C=O)[nH]1?,What is the total count of carbon atoms in 5-methyl-1H-pyrrole-2-carbaldehyde?,6
What is the total count of carbon atoms in CC(=O)C1CN=C(C)O1?,"What is the total count of carbon atoms in 1-(2-methyl-4,5-dihydro-1,3-oxazol-5-yl)ethanone?",6
How many carbons are present in the molecule CCOC(=O)N1CCC(NCc2cncn2CC(C)C)CC1?,How many carbons are present in the molecule ethyl 4-[[3-(2-methylpropyl)imidazol-4-yl]methylamino]piperidine-1-carboxylate?,16
How many carbon atoms make up the structure O=C(O)CN(C(=O)NCc1cccnc1)C1CCCC1?,How many carbon atoms make up the structure 2-[cyclopentyl(pyridin-3-ylmethylcarbamoyl)amino]acetic acid?,14
How many carbons are present in the molecule Cc1nnc(C)n1N=Cc1ccccc1Br?,"How many carbons are present in the molecule 1-(2-bromophenyl)-N-(3,5-dimethyl-1,2,4-triazol-4-yl)methanimine?",11
How many carbons are present in the molecule C[C@H]1Sc2ccc(C(=O)N3CCN(c4nccs4)CC3)cc2NC1=O?,"How many carbons are present in the molecule (2R)-2-methyl-6-[4-(1,3-thiazol-2-yl)piperazine-1-carbonyl]-4H-1,4-benzothiazin-3-one?",17
How many carbon atoms make up the structure C=CCSc1nc2ccccc2n1CC(=O)O?,How many carbon atoms make up the structure 2-(2-prop-2-enylsulfanylbenzimidazol-1-yl)acetic acid?,12
How many carbon atoms make up the structure Cc1ccc(CN2C[C@@]34C=C[C@@H](O3)C(C(=O)N3CCCOCC3)C4C2=O)cc1C?,"How many carbon atoms make up the structure (1S,7R)-3-[(3,4-dimethylphenyl)methyl]-6-(1,4-oxazepane-4-carbonyl)-10-oxa-3-azatricyclo[5.2.1.01,5]dec-8-en-4-one?",23
Count the number of carbon atoms in NC(=O)NC(CP(=O)(O)O)C(=O)O.,Count the number of carbon atoms in 2-(carbamoylamino)-3-phosphonopropanoic acid.,4
How many carbon atoms make up the structure COc1ccc(-n2c(=O)[nH]cc(C(=O)O)c2=O)cc1OC?,"How many carbon atoms make up the structure 3-(3,4-dimethoxyphenyl)-2,4-dioxo-1H-pyrimidine-5-carboxylic acid?",13
What is the total count of carbon atoms in CNCCC(=O)NCC1CCCOC1C(C)C.Cl?,What is the total count of carbon atoms in 3-(methylamino)-N-[(2-propan-2-yloxan-3-yl)methyl]propanamide;hydrochloride?,13
Identify the carbon atom count in the molecule C=CCn1c(SCC(=O)c2ccc(-c3ccccc3)cc2)nc2sc(C)c(-c3ccccc3)c2c1=O.,"Identify the carbon atom count in the molecule 6-methyl-2-[2-oxo-2-(4-phenylphenyl)ethyl]sulfanyl-5-phenyl-3-prop-2-enylthieno[2,3-d]pyrimidin-4-one.",30
What is the total count of carbon atoms in COc1ccc([C@H]2Cn3ccnc3CN2Cc2ccsc2)cc1?,"What is the total count of carbon atoms in (6S)-6-(4-methoxyphenyl)-7-(thiophen-3-ylmethyl)-6,8-dihydro-5H-imidazo[1,2-a]pyrazine?",18
What is the total count of carbon atoms in Cc1cc(=O)c(C(=O)N(Cc2cccs2)c2ccc(F)cc2)nn1-c1cccc(C(F)(F)F)c1?,What is the total count of carbon atoms in N-(4-fluorophenyl)-6-methyl-4-oxo-N-(thiophen-2-ylmethyl)-1-[3-(trifluoromethyl)phenyl]pyridazine-3-carboxamide?,24
What is the total count of carbon atoms in COC(C)C1CCC1?,What is the total count of carbon atoms in 1-methoxyethylcyclobutane?,7
How many carbon atoms make up the structure CCCCCC(NCCC)C(OCC)C(C)(C)C?,"How many carbon atoms make up the structure 3-ethoxy-2,2-dimethyl-N-propylnonan-4-amine?",16
How many carbons are present in the molecule CC1CCCCC1NC(=O)c1coc(C(N)Cc2c[nH]c3ccccc23)n1?,"How many carbons are present in the molecule 2-[1-amino-2-(1H-indol-3-yl)ethyl]-N-(2-methylcyclohexyl)-1,3-oxazole-4-carboxamide?",21
"Given O=C(C[C@@H](NCc1ccco1)C(=O)O)Nc1ccc(OC(F)F)cc1, return the number of carbon atoms.","Given (2R)-4-[4-(difluoromethoxy)anilino]-2-(furan-2-ylmethylamino)-4-oxobutanoic acid, return the number of carbon atoms.",16
"For the molecule CSc1ccc([C@@H]2Oc3ccccc3C3=C2[C@H](c2cccs2)N2NC=NC2=N3)cc1, how many carbon atoms does it contain?","For the molecule (9S,11R)-9-(4-methylsulfanylphenyl)-11-thiophen-2-yl-8-oxa-12,13,15,17-tetrazatetracyclo[8.7.0.02,7.012,16]heptadeca-1(10),2,4,6,13,15-hexaene, how many carbon atoms does it contain?",23
How many carbons are present in the molecule CCCn1c(=O)n(CCC(=O)N2CCNCC2c2cccnc2)c2ccccc21?,How many carbons are present in the molecule 1-[3-oxo-3-(2-pyridin-3-ylpiperazin-1-yl)propyl]-3-propylbenzimidazol-2-one?,22
Count the number of carbon atoms in CCCC(CC)CO.,Count the number of carbon atoms in 2-ethylpentan-1-ol.,7
How many carbon atoms make up the structure CC1(C)CCCOCC1?,"How many carbon atoms make up the structure 4,4-dimethyloxepane?",8
"For the molecule COc1ccc(NC(=O)C[C@@H]2C(=O)N(C3CC3)C(=S)N2CCc2ccc(Cl)cc2Cl)cc1, how many carbon atoms does it contain?","For the molecule 2-[(4R)-1-cyclopropyl-3-[2-(2,4-dichlorophenyl)ethyl]-5-oxo-2-sulfanylideneimidazolidin-4-yl]-N-(4-methoxyphenyl)acetamide, how many carbon atoms does it contain?",23
Determine the total carbon count for O=C(CSc1ccc(-c2ccccc2)nn1)NCc1ccco1.,Determine the total carbon count for N-(furan-2-ylmethyl)-2-(6-phenylpyridazin-3-yl)sulfanylacetamide.,17
Count the number of carbon atoms in CSC1CCCC1NCC(O)c1ccc(Cl)cc1.,Count the number of carbon atoms in 1-(4-chlorophenyl)-2-[(2-methylsulfanylcyclopentyl)amino]ethanol.,14
Identify the carbon atom count in the molecule CCOC[C@H]1CCN(C(=O)c2scnc2C(F)(F)F)C1.,"Identify the carbon atom count in the molecule [(3S)-3-(ethoxymethyl)pyrrolidin-1-yl]-[4-(trifluoromethyl)-1,3-thiazol-5-yl]methanone.",12
Compute the total number of carbons in Cc1cccc(NC(=S)NCCc2ccc(S(N)(=O)=O)cc2)c1C.,"Compute the total number of carbons in 1-(2,3-dimethylphenyl)-3-[2-(4-sulfamoylphenyl)ethyl]thiourea.",17
Report the number of carbon atoms in C[C@@H]1C[C@@H](C)CN(CCCNC(=O)[C@H]2CCCN(S(C)(=O)=O)C2)C1.,"Report the number of carbon atoms in (3S)-N-[3-[(3R,5R)-3,5-dimethylpiperidin-1-yl]propyl]-1-methylsulfonylpiperidine-3-carboxamide.",17
Report the number of carbon atoms in COc1cc2nc(NS(=O)(=O)c3c(Cl)cccc3Cl)nn2c(OC)n1.,"Report the number of carbon atoms in 2,6-dichloro-N-(5,7-dimethoxy-[1,2,4]triazolo[1,5-c]pyrimidin-2-yl)benzenesulfonamide.",13
Report the number of carbon atoms in CCCCc1nc2[nH]cnc2c2nc(-c3ccccc3)nn12.,"Report the number of carbon atoms in 5-butyl-8-phenyl-1H-[1,2,4]triazolo[5,1-f]purine.",16
Determine the total carbon count for CN(C)[C@H](CNC(=O)c1cccs1)c1csc2ccccc12.,Determine the total carbon count for N-[(2S)-2-(1-benzothiophen-3-yl)-2-(dimethylamino)ethyl]thiophene-2-carboxamide.,17
What is the total count of carbon atoms in COc1ccccc1NC(=O)C[C@@H](C)NC[C@@]1(C)CCCS1?,What is the total count of carbon atoms in (3R)-N-(2-methoxyphenyl)-3-[[(2R)-2-methylthiolan-2-yl]methylamino]butanamide?,17
Compute the total number of carbons in O=C(NCCc1ncc[nH]1)c1ccc(-n2cncn2)nc1.,"Compute the total number of carbons in N-[2-(1H-imidazol-2-yl)ethyl]-6-(1,2,4-triazol-1-yl)pyridine-3-carboxamide.",13
How many carbon atoms make up the structure CC(C)Nc1nc2cnccc2nc1N1CCC(Oc2ccc(F)cc2F)CC1?,"How many carbon atoms make up the structure 2-[4-(2,4-difluorophenoxy)piperidin-1-yl]-N-propan-2-ylpyrido[3,4-b]pyrazin-3-amine?",21
Count the number of carbon atoms in CCN(CC)C(=O)[C@@H](C)[C@H]1CC[C@@]2(C)Cc3sc(N)nc3[C@@H](C)[C@@H]2[C@H]1O.,"Count the number of carbon atoms in (2S)-2-[(4S,4aS,5S,6R,8aS)-2-amino-5-hydroxy-4,8a-dimethyl-4a,5,6,7,8,9-hexahydro-4H-benzo[f][1,3]benzothiazol-6-yl]-N,N-diethylpropanamide.",20
"For the molecule Clc1cc2c(-c3ccccc3)c3c(c(-c4ccccc4)c2cc1Br)-c1cccc2c(-c4ccc5c6c(cccc46)-c4ccccc4-5)ccc-3c12, how many carbon atoms does it contain?","For the molecule 9-bromo-10-chloro-3-fluoranthen-3-yl-7,12-diphenylbenzo[k]fluoranthene, how many carbon atoms does it contain?",48
"Given CCn1cnnc1CNC(=O)C(c1ccccc1)N1CCSCC1, return the number of carbon atoms.","Given N-[(4-ethyl-1,2,4-triazol-3-yl)methyl]-2-phenyl-2-thiomorpholin-4-ylacetamide, return the number of carbon atoms.",17
Compute the total number of carbons in O=C(C=Cc1ccc(Cl)c(Cl)c1)NCCCCCN1CCC(c2cn[nH]c2-c2ccccc2)CC1.,"Compute the total number of carbons in 3-(3,4-dichlorophenyl)-N-[5-[4-(5-phenyl-1H-pyrazol-4-yl)piperidin-1-yl]pentyl]prop-2-enamide.",28
Report the number of carbon atoms in CCCC[C@@H](C=O)NC(=O)OC(CCC)CCC.,Report the number of carbon atoms in heptan-4-yl N-[(2S)-1-oxohexan-2-yl]carbamate.,14
How many carbons are present in the molecule CCn1nc(C)cc1C(=O)N1CCC(Oc2cccc(C(=O)N3CCOCC3)c2)CC1?,How many carbons are present in the molecule [3-[1-(2-ethyl-5-methylpyrazole-3-carbonyl)piperidin-4-yl]oxyphenyl]-morpholin-4-ylmethanone?,23
"For the molecule O=C1N(Cc2cccc3nonc23)CCCC12CCN(c1cnc3ccccc3n1)CC2, how many carbon atoms does it contain?","For the molecule 2-(2,1,3-benzoxadiazol-4-ylmethyl)-9-quinoxalin-2-yl-2,9-diazaspiro[5.5]undecan-1-one, how many carbon atoms does it contain?",24
What is the total count of carbon atoms in O=C1CCNC(c2ccccc2F)CN1?,"What is the total count of carbon atoms in 2-(2-fluorophenyl)-1,4-diazepan-5-one?",11
What is the total count of carbon atoms in C[C@@H]1CNC(=O)[C@@H](C)N1?,"What is the total count of carbon atoms in (3R,5R)-3,5-dimethylpiperazin-2-one?",6
Count the number of carbon atoms in CCOC(=O)C(F)N1C(=O)CCC1=O.,"Count the number of carbon atoms in ethyl 2-(2,5-dioxopyrrolidin-1-yl)-2-fluoroacetate.",8
What is the total count of carbon atoms in O=c1nc(O)cc[nH]1?,"What is the total count of carbon atoms in 1H-pyrimidine-2,4-dione?",4
Report the number of carbon atoms in OC(C=Cc1ccc(Cl)c(Cl)c1)=NCCCCCN1CCC(CCCN=C(O)C2CC2c2ccccc2)CC1.,"Report the number of carbon atoms in N-[3-[1-[5-[3-(3,4-dichlorophenyl)prop-2-enoylamino]pentyl]piperidin-4-yl]propyl]-2-phenylcyclopropane-1-carboxamide.",32
How many carbons are present in the molecule CC1=NN(C(=Nc2ccc(C)cc2)Nc2nnc(C)s2)C(c2ccc(C)cc2)S1?,"How many carbons are present in the molecule 5-methyl-N,2-bis(4-methylphenyl)-N'-(5-methyl-1,3,4-thiadiazol-2-yl)-2H-1,3,4-thiadiazole-3-carboximidamide?",21
Determine the total carbon count for CCOC(=O)[C@@H](Cc1cc(I)c(O)c(I)c1)NC(=O)c1ccccc1.,"Determine the total carbon count for ethyl (2R)-2-benzamido-3-(4-hydroxy-3,5-diiodophenyl)propanoate.",18
Compute the total number of carbons in COC1CC(CC(=O)O)CC(C[C@@H](C)CCCc2ccccc2)C1.,Compute the total number of carbons in 2-[3-methoxy-5-[(2S)-2-methyl-5-phenylpentyl]cyclohexyl]acetic acid.,21
Determine the total carbon count for Nc1c[n-]c2ncc(Cl)c(F)c12.,"Determine the total carbon count for 5-chloro-4-fluoropyrrolo[2,3-b]pyridin-1-id-3-amine.",7
Identify the carbon atom count in the molecule COc1ccc(C)cc1NC(=O)N1CCC(CO)(CC2CCCCO2)CC1.,Identify the carbon atom count in the molecule 4-(hydroxymethyl)-N-(2-methoxy-5-methylphenyl)-4-(oxan-2-ylmethyl)piperidine-1-carboxamide.,21
How many carbon atoms make up the structure COc1cc(C(=O)O)ccc1OCC1CCNCC1?,How many carbon atoms make up the structure 3-methoxy-4-(piperidin-4-ylmethoxy)benzoic acid?,14
How many carbon atoms make up the structure O=C(CCCC(=O)OCc1ccccc1)Nc1ccc(N2CCN(C(=O)Nc3c(Cl)cc(CN4CCCCC4)cc3Cl)CC2)cc1?,"How many carbon atoms make up the structure benzyl 5-[4-[4-[[2,6-dichloro-4-(piperidin-1-ylmethyl)phenyl]carbamoyl]piperazin-1-yl]anilino]-5-oxopentanoate?",35
Count the number of carbon atoms in COC(=O)CCN1CCC(C(N)=O)CC1.,Count the number of carbon atoms in methyl 3-(4-carbamoylpiperidin-1-yl)propanoate.,10
How many carbon atoms make up the structure CN(C)C1CCN(C(=O)c2ccc(CN3C(=O)c4ccccc4C3=O)cc2)CC1?,"How many carbon atoms make up the structure 2-[[4-[4-(dimethylamino)piperidine-1-carbonyl]phenyl]methyl]isoindole-1,3-dione?",23
Determine the total carbon count for CCCC(=O)Nc1ccc2c(c1)CN(C(=O)c1ccc(F)cc1F)[C@H](C(=O)N(C)C)C2.,"Determine the total carbon count for (3S)-7-(butanoylamino)-2-(2,4-difluorobenzoyl)-N,N-dimethyl-3,4-dihydro-1H-isoquinoline-3-carboxamide.",23
Compute the total number of carbons in C[C@@H](c1ccc(-c2nncc3ccccc23)cc1)N1CCCC1.,Compute the total number of carbons in 1-[4-[(1S)-1-pyrrolidin-1-ylethyl]phenyl]phthalazine.,20
"Given CCNC(=O)[C@@H]1C[C@H](NC(=O)c2c[nH]c3ccc(F)cc3c2=O)CN1CC, return the number of carbon atoms.","Given N-[(3S,5S)-1-ethyl-5-(ethylcarbamoyl)pyrrolidin-3-yl]-6-fluoro-4-oxo-1H-quinoline-3-carboxamide, return the number of carbon atoms.",19
Count the number of carbon atoms in COc1ccc(C=CC(=O)OC2C(C)OC(OC3C4C=COC(OC5OC(CO)C(O)C(O)C5O)C4C4(CO)OC34)C(O)C2O)cc1.,"Count the number of carbon atoms in [4,5-dihydroxy-6-[[2-(hydroxymethyl)-10-[3,4,5-trihydroxy-6-(hydroxymethyl)oxan-2-yl]oxy-3,9-dioxatricyclo[4.4.0.02,4]dec-7-en-5-yl]oxy]-2-methyloxan-3-yl] 3-(4-methoxyphenyl)prop-2-enoate.",31
What is the total count of carbon atoms in COc1ccc(-c2ccc3nc(C(=O)NCC(=O)O)cn3c2)cc1?,"What is the total count of carbon atoms in 2-[[6-(4-methoxyphenyl)imidazo[1,2-a]pyridine-2-carbonyl]amino]acetic acid?",17
Identify the carbon atom count in the molecule CC(N)C(C)C(=O)Nc1cc2c(cc1Sc1ccccc1)OCCO2.,"Identify the carbon atom count in the molecule 3-amino-2-methyl-N-(6-phenylsulfanyl-2,3-dihydro-1,4-benzodioxin-7-yl)butanamide.",19
Compute the total number of carbons in CC1CCCC(O)(CN2C[C@H]3C[C@@H]2CO3)[C@@H]2CC[C@H]2CN2CCCCc3cc(Cl)ccc3COc3ccc(cc32)C(=O)NS(=O)(=O)[C@@H]1C.,"Compute the total number of carbons in (19R,22R,28R)-10-chloro-23-hydroxy-27,28-dimethyl-23-[[(1R,4R)-2-oxa-5-azabicyclo[2.2.1]heptan-5-yl]methyl]-29,29-dioxo-5-oxa-29lambda6-thia-17,30-diazapentacyclo[15.14.2.04,33.07,12.019,22]tritriaconta-1(32),2,4(33),7(12),8,10-hexaen-31-one.",37
How many carbons are present in the molecule Cc1cc(C(=O)NCC2(O)CCc3ccccc32)no1?,"How many carbons are present in the molecule N-[(1-hydroxy-2,3-dihydroinden-1-yl)methyl]-5-methyl-1,2-oxazole-3-carboxamide?",15
What is the total count of carbon atoms in CC(C)C12CN(C(=O)Cc3cccc([N+](=O)[O-])c3)CC(C(C)C)(CN(C(=O)Cc3cccc([N+](=O)[O-])c3)C1)C2=O?,"What is the total count of carbon atoms in 3,7-bis[2-(3-nitrophenyl)acetyl]-1,5-di(propan-2-yl)-3,7-diazabicyclo[3.3.1]nonan-9-one?",29
Determine the total carbon count for Cc1ccc(N2CCCC(NCc3cccs3)C2)nn1.,Determine the total carbon count for 1-(6-methylpyridazin-3-yl)-N-(thiophen-2-ylmethyl)piperidin-3-amine.,15
"For the molecule COC(C)(C)CCC(CO)c1ccccc1C, how many carbon atoms does it contain?","For the molecule 5-methoxy-5-methyl-2-(2-methylphenyl)hexan-1-ol, how many carbon atoms does it contain?",15
How many carbons are present in the molecule CCC(C)(O)C(=O)NC?,"How many carbons are present in the molecule 2-hydroxy-N,2-dimethylbutanamide?",6
How many carbons are present in the molecule CCOC(=O)C1=C(N)Oc2c(oc(CO)cc2=O)[C@H]1c1ccccc1C(F)(F)F?,"How many carbons are present in the molecule ethyl (4S)-2-amino-6-(hydroxymethyl)-8-oxo-4-[2-(trifluoromethyl)phenyl]-4H-pyrano[3,2-b]pyran-3-carboxylate?",19
Determine the total carbon count for CC(=O)c1nc(C)co1.,"Determine the total carbon count for 1-(4-methyl-1,3-oxazol-2-yl)ethanone.",6
Report the number of carbon atoms in C[C@H](C(=O)NC1CCCCC1)N(Cc1ccc(Cl)cc1Cl)C(=O)CN(c1cc(Cl)cc(Cl)c1)S(=O)(=O)c1ccccc1.,"Report the number of carbon atoms in (2R)-2-[[2-[N-(benzenesulfonyl)-3,5-dichloroanilino]acetyl]-[(2,4-dichlorophenyl)methyl]amino]-N-cyclohexylpropanamide.",30
Identify the carbon atom count in the molecule CCCCCCCc1c(C)[nH]c(N2CCOCC2)nc1=O.,Identify the carbon atom count in the molecule 5-heptyl-4-methyl-2-morpholin-4-yl-1H-pyrimidin-6-one.,16
Identify the carbon atom count in the molecule CC(C)(CO)CN1CCOCC1.,"Identify the carbon atom count in the molecule 2,2-dimethyl-3-morpholin-4-ylpropan-1-ol.",9
"Given CCCOC(=O)C=CC(C)Oc1cc(N2C(=O)C3CCCCC3C2=O)c(F)cc1Cl, return the number of carbon atoms.","Given propyl 4-[2-chloro-5-(1,3-dioxo-3a,4,5,6,7,7a-hexahydroisoindol-2-yl)-4-fluorophenoxy]pent-2-enoate, return the number of carbon atoms.",22
Determine the total carbon count for O=C(O)CCCN1CCCCC1COc1ccc(Cc2ccc(-c3ccsc3)cc2)cc1.,Determine the total carbon count for 4-[2-[[4-[(4-thiophen-3-ylphenyl)methyl]phenoxy]methyl]piperidin-1-yl]butanoic acid.,27
Compute the total number of carbons in Cc1cc2[nH]c(Cl)c(C=C3C(=O)Nc4ccccc43)c2cc1O.,Compute the total number of carbons in 3-[(2-chloro-5-hydroxy-6-methyl-1H-indol-3-yl)methylidene]-1H-indol-2-one.,18
How many carbons are present in the molecule COc1ccc(C2CCC(N(C)C(=O)Cc3cccc(C)c3)CC2)cc1C?,How many carbons are present in the molecule N-[4-(4-methoxy-3-methylphenyl)cyclohexyl]-N-methyl-2-(3-methylphenyl)acetamide?,24
"Given Clc1ccc(-c2nc(CNCCOc3ccccc3)co2)c(Cl)c1, return the number of carbon atoms.","Given N-[[2-(2,4-dichlorophenyl)-1,3-oxazol-4-yl]methyl]-2-phenoxyethanamine, return the number of carbon atoms.",18
Determine the total carbon count for CC1(C)Oc2ccc(S(=O)(=O)N3CCC(O)CC3)cc2NC1=O.,"Determine the total carbon count for 6-(4-hydroxypiperidin-1-yl)sulfonyl-2,2-dimethyl-4H-1,4-benzoxazin-3-one.",15
Report the number of carbon atoms in Brc1cnc(NCc2ccccc2N2CCOCC2)nc1.,Report the number of carbon atoms in 5-bromo-N-[(2-morpholin-4-ylphenyl)methyl]pyrimidin-2-amine.,15
Identify the carbon atom count in the molecule CCOc1c(F)cccc1C(=O)NCc1cn(CC(=O)O)nn1.,Identify the carbon atom count in the molecule 2-[4-[[(2-ethoxy-3-fluorobenzoyl)amino]methyl]triazol-1-yl]acetic acid.,14
"For the molecule Cc1ccccc1, how many carbon atoms does it contain?","For the molecule toluene, how many carbon atoms does it contain?",7
"For the molecule c1cncc(CN2CCC3(CC(OCC4CC4)CO3)C2)c1, how many carbon atoms does it contain?","For the molecule 3-(cyclopropylmethoxy)-7-(pyridin-3-ylmethyl)-1-oxa-7-azaspiro[4.4]nonane, how many carbon atoms does it contain?",17
Identify the carbon atom count in the molecule CCOC(=O)C1=C(C)NC2=C(C(=O)[C@H](C(=O)OCC)[C@@H](c3cccc(OC)c3)C2)[C@@H]1c1ccc(Cl)cc1Cl.,"Identify the carbon atom count in the molecule diethyl (4S,6R,7S)-4-(2,4-dichlorophenyl)-7-(3-methoxyphenyl)-2-methyl-5-oxo-4,6,7,8-tetrahydro-1H-quinoline-3,6-dicarboxylate.",29
"Given Cc1sc2nc(SC(C)C(=O)c3ccc4c(c3)NC(=O)C(C)O4)[nH]c(=O)c2c1-c1ccccc1, return the number of carbon atoms.","Given 2-methyl-6-[2-[(6-methyl-4-oxo-5-phenyl-3H-thieno[2,3-d]pyrimidin-2-yl)sulfanyl]propanoyl]-4H-1,4-benzoxazin-3-one, return the number of carbon atoms.",25
What is the total count of carbon atoms in NCCNC(=O)c1ccc(Nc2ncc(CNc3cc(C(=O)NC4CC4)c(F)cc3F)s2)nc1?,"What is the total count of carbon atoms in N-(2-aminoethyl)-6-[[5-[[5-(cyclopropylcarbamoyl)-2,4-difluoroanilino]methyl]-1,3-thiazol-2-yl]amino]pyridine-3-carboxamide?",22
How many carbon atoms make up the structure CC1(C)CC=CCC1=O?,"How many carbon atoms make up the structure 6,6-dimethylcyclohex-3-en-1-one?",8
Determine the total carbon count for CCOC(=O)COc1ccc(Cl)cc1CNC1CC1.,Determine the total carbon count for ethyl 2-[4-chloro-2-[(cyclopropylamino)methyl]phenoxy]acetate.,14
How many carbons are present in the molecule CNc1ccc(-c2cnc3cc(I)ccc3n2)cc1?,How many carbons are present in the molecule 4-(6-iodoquinoxalin-2-yl)-N-methylaniline?,15
How many carbon atoms make up the structure Cc1ccc(CN2C(=O)C[C@]23COCCN(C(=O)C2CCC2)C3)cc1?,"How many carbon atoms make up the structure (4S)-6-(cyclobutanecarbonyl)-1-[(4-methylphenyl)methyl]-9-oxa-1,6-diazaspiro[3.6]decan-2-one?",20
What is the total count of carbon atoms in NC[C@H]1C[C@H]1c1ccncc1?,"What is the total count of carbon atoms in [(1S,2R)-2-pyridin-4-ylcyclopropyl]methanamine?",9
"For the molecule COc1cc2oc(=O)ccc2cc1C(O)C(O)C(C)(C)O, how many carbon atoms does it contain?","For the molecule 7-methoxy-6-(1,2,3-trihydroxy-3-methylbutyl)chromen-2-one, how many carbon atoms does it contain?",15
Count the number of carbon atoms in CSc1cc(Oc2ccnc3ncc(=O)[nH]c23)ccc1NC(=O)Nc1cc(C(C)(C)C)nn1-c1ccccc1.,"Count the number of carbon atoms in 1-(3-tert-butyl-1-phenylpyrazol-5-yl)-3-[2-methylsulfanyl-4-[(2-oxo-1H-pyrido[2,3-b]pyrazin-8-yl)oxy]phenyl]urea.",28
How many carbons are present in the molecule CN1C(=O)CC[C@H]1c1cccnc1F?,How many carbons are present in the molecule (5S)-5-(2-fluoro-3-pyridinyl)-1-methylpyrrolidin-2-one?,10
"For the molecule Cc1cc(C)c2[nH]c(C(=O)N3CCC3c3ccc(F)cc3)c(C)c2c1, how many carbon atoms does it contain?","For the molecule [2-(4-fluorophenyl)azetidin-1-yl]-(3,5,7-trimethyl-1H-indol-2-yl)methanone, how many carbon atoms does it contain?",21
How many carbons are present in the molecule CNC(=O)c1cnn2ccc(N3CCCC3c3cc(F)ccc3F)nc12?,"How many carbons are present in the molecule 5-[2-(2,5-difluorophenyl)pyrrolidin-1-yl]-N-methylpyrazolo[1,5-a]pyrimidine-3-carboxamide?",18
How many carbon atoms make up the structure COc1cccc(C2CC3=Nc4ccccc4N(C(=O)CCC(=O)O)C(c4ccc(F)cc4)C3=C(O)C2)c1?,"How many carbon atoms make up the structure 4-[6-(4-fluorophenyl)-9-(3-methoxyphenyl)-7-oxo-8,9,10,11-tetrahydro-6H-benzo[b][1,4]benzodiazepin-5-yl]-4-oxobutanoic acid?",30
Identify the carbon atom count in the molecule CCC(CO)(Cc1ccccc1)NC(C)C.,Identify the carbon atom count in the molecule 2-benzyl-2-(propan-2-ylamino)butan-1-ol.,14
Determine the total carbon count for Cc1cccnc1NC(=O)C[C@H]1CSc2nc(C(C)C)cc(=O)n21.,"Determine the total carbon count for N-(3-methyl-2-pyridinyl)-2-[(3S)-5-oxo-7-propan-2-yl-2,3-dihydro-[1,3]thiazolo[3,2-a]pyrimidin-3-yl]acetamide.",17
Report the number of carbon atoms in COc1ccc(NC(=O)c2ccc(NC(=O)CNC(C)c3cccc4ccccc34)cc2)cc1.,Report the number of carbon atoms in N-(4-methoxyphenyl)-4-[[2-(1-naphthalen-1-ylethylamino)acetyl]amino]benzamide.,28
Report the number of carbon atoms in CCOC(=O)c1cnc(CN)c(C)c1C(F)F.,Report the number of carbon atoms in ethyl 6-(aminomethyl)-4-(difluoromethyl)-5-methylpyridine-3-carboxylate.,11
Compute the total number of carbons in Cc1ccc([C@@]2(C)NC(=O)N(CC(=O)N3CCc4ccccc43)C2=O)cc1.,"Compute the total number of carbons in (5R)-3-[2-(2,3-dihydroindol-1-yl)-2-oxoethyl]-5-methyl-5-(4-methylphenyl)imidazolidine-2,4-dione.",21
Count the number of carbon atoms in COc1cc(CN2C(=O)CC[C@@H]3CN(Cc4ccc(F)cc4F)CC[C@@H]32)cc(OC)c1OC.,"Count the number of carbon atoms in (4aR,8aS)-6-[(2,4-difluorophenyl)methyl]-1-[(3,4,5-trimethoxyphenyl)methyl]-4,4a,5,7,8,8a-hexahydro-3H-1,6-naphthyridin-2-one.",25
How many carbons are present in the molecule CCOC(=O)c1ccc(-c2ccc(Br)cc2C)o1?,How many carbons are present in the molecule ethyl 5-(4-bromo-2-methylphenyl)furan-2-carboxylate?,14
Count the number of carbon atoms in CCCCCC[S@@](=O)[C@H]1C=CS(=O)(=O)C1.,"Count the number of carbon atoms in (3S)-3-[(R)-hexylsulfinyl]-2,3-dihydrothiophene 1,1-dioxide.",10
Compute the total number of carbons in COc1ccc(Nc2nc(C(=O)N3CCC[C@@H]3C(C)(C)O)cs2)cc1.,"Compute the total number of carbons in [(2R)-2-(2-hydroxypropan-2-yl)pyrrolidin-1-yl]-[2-(4-methoxyanilino)-1,3-thiazol-4-yl]methanone.",18
What is the total count of carbon atoms in CN(C)CCC(Oc1ccccc1OCc1ccccc1)c1ccccc1?,"What is the total count of carbon atoms in N,N-dimethyl-3-phenyl-3-(2-phenylmethoxyphenoxy)propan-1-amine?",24
Count the number of carbon atoms in Cc1ccc(-c2nnn(CC(=O)N(C3CCCCC3)C(C)C(=O)NC3CCCC3)n2)cc1.,Count the number of carbon atoms in 2-[cyclohexyl-[2-[5-(4-methylphenyl)tetrazol-2-yl]acetyl]amino]-N-cyclopentylpropanamide.,24
How many carbons are present in the molecule Cc1ccc(SCc2cc3c(C(F)(F)F)nn(C)c3s2)cc1?,"How many carbons are present in the molecule 1-methyl-5-[(4-methylphenyl)sulfanylmethyl]-3-(trifluoromethyl)thieno[3,2-d]pyrazole?",15
Count the number of carbon atoms in CCOC(=O)[C@@H]1CC[C@]2(O)[C@H]3CC[C@@]4(O)CC(=O)CC[C@]4(CO)[C@@H]3CC[C@]12C.,"Count the number of carbon atoms in ethyl (5R,8S,9R,10R,13R,14S,17R)-5,14-dihydroxy-10-(hydroxymethyl)-13-methyl-3-oxo-1,2,4,6,7,8,9,11,12,15,16,17-dodecahydrocyclopenta[a]phenanthrene-17-carboxylate.",22
How many carbon atoms make up the structure O=C(COC1CCOC2(C1)CN(Cc1ccc(F)cc1)C2)N1CCCC1?,How many carbon atoms make up the structure 2-[[2-[(4-fluorophenyl)methyl]-5-oxa-2-azaspiro[3.5]nonan-8-yl]oxy]-1-pyrrolidin-1-ylethanone?,20
How many carbon atoms make up the structure CC(Cc1ccc2c(c1)O[C@H](C(=O)O)CO2)NCC(O)c1cccc(Cl)c1?,"How many carbon atoms make up the structure (3S)-6-[2-[[2-(3-chlorophenyl)-2-hydroxyethyl]amino]propyl]-2,3-dihydro-1,4-benzodioxine-3-carboxylic acid?",20
"Given CCCNC(=O)Cn1cnc2sc(C(=O)Nc3cccc(C(F)(F)F)c3)c(C)c2c1=O, return the number of carbon atoms.","Given 5-methyl-4-oxo-3-[2-oxo-2-(propylamino)ethyl]-N-[3-(trifluoromethyl)phenyl]thieno[2,3-d]pyrimidine-6-carboxamide, return the number of carbon atoms.",20
"Given C[C@@H](NC(=O)[C@H](C)N(c1ccc(F)cc1)S(C)(=O)=O)c1ccc(F)cc1, return the number of carbon atoms.","Given (2S)-2-(4-fluoro-N-methylsulfonylanilino)-N-[(1R)-1-(4-fluorophenyl)ethyl]propanamide, return the number of carbon atoms.",18
"For the molecule OC(c1ccc(Cl)c(Br)c1)c1csc2ccccc12, how many carbon atoms does it contain?","For the molecule 1-benzothiophen-3-yl-(3-bromo-4-chlorophenyl)methanol, how many carbon atoms does it contain?",15
Report the number of carbon atoms in Cc1cnc(-c2cc(C)[nH]n2)cn1.,Report the number of carbon atoms in 2-methyl-5-(5-methyl-1H-pyrazol-3-yl)pyrazine.,9
Identify the carbon atom count in the molecule O=[N+]([O-])c1cccc(-c2cc3c(Cl)ncnc3o2)c1.,"Identify the carbon atom count in the molecule 4-chloro-6-(3-nitrophenyl)furo[2,3-d]pyrimidine.",12
Identify the carbon atom count in the molecule C=C(C)COc1ccc(C(=O)NC2COCC2N2CCOCC2)cc1.,Identify the carbon atom count in the molecule 4-(2-methylprop-2-enoxy)-N-(4-morpholin-4-yloxolan-3-yl)benzamide.,19
What is the total count of carbon atoms in COc1ccccc1CCNC(=O)c1cc(S(N)(=O)=O)c(Cl)cc1Cl?,"What is the total count of carbon atoms in 2,4-dichloro-N-[2-(2-methoxyphenyl)ethyl]-5-sulfamoylbenzamide?",16
Count the number of carbon atoms in NC(=O)CC(NC(=O)C(N)Cc1ccc(O)cc1)C(=O)NC(CS)C(=O)NC(Cc1ccccc1)C(=O)O.,Count the number of carbon atoms in 2-[[2-[[4-amino-2-[[2-amino-3-(4-hydroxyphenyl)propanoyl]amino]-4-oxobutanoyl]amino]-3-sulfanylpropanoyl]amino]-3-phenylpropanoic acid.,25
How many carbon atoms make up the structure COc1ccccc1[C@@H]1CC(=O)N(c2ccc(C)cc2)C2=C1C(=O)OC2?,"How many carbon atoms make up the structure (4S)-4-(2-methoxyphenyl)-1-(4-methylphenyl)-4,7-dihydro-3H-furo[3,4-b]pyridine-2,5-dione?",21
"For the molecule ON=Cc1c(Cl)cc(-c2ccc(O)c(F)c2)cc1Cl, how many carbon atoms does it contain?","For the molecule 4-[3,5-dichloro-4-(hydroxyiminomethyl)phenyl]-2-fluorophenol, how many carbon atoms does it contain?",13
Report the number of carbon atoms in Cc1ccc(CNC(=O)COCc2cc(-c3cccs3)on2)cc1.,"Report the number of carbon atoms in N-[(4-methylphenyl)methyl]-2-[(5-thiophen-2-yl-1,2-oxazol-3-yl)methoxy]acetamide.",18
What is the total count of carbon atoms in O=C1NC2C3CC3C12?,"What is the total count of carbon atoms in 6-azatricyclo[3.2.0.02,4]heptan-7-one?",6
Report the number of carbon atoms in C[C@@H]1Cc2cc(S(N)(=O)=O)ccc2N1Cc1cccc(C(F)(F)F)c1.,"Report the number of carbon atoms in (2R)-2-methyl-1-[[3-(trifluoromethyl)phenyl]methyl]-2,3-dihydroindole-5-sulfonamide.",17
What is the total count of carbon atoms in O=C(COC(=O)CCCOc1ccc(Cl)cc1Cl)Nc1ccon1?,"What is the total count of carbon atoms in [2-(1,2-oxazol-3-ylamino)-2-oxoethyl] 4-(2,4-dichlorophenoxy)butanoate?",15
What is the total count of carbon atoms in NC(=O)NCCCCNC(=O)[C@H]1CCCN(S(=O)(=O)c2ccc(F)cc2)C1?,What is the total count of carbon atoms in (3S)-N-[4-(carbamoylamino)butyl]-1-(4-fluorophenyl)sulfonylpiperidine-3-carboxamide?,17
How many carbon atoms make up the structure CN(c1nccc(-c2cnc3ccccn23)n1)C1CCNCC1?,"How many carbon atoms make up the structure 4-imidazo[1,2-a]pyridin-3-yl-N-methyl-N-piperidin-4-ylpyrimidin-2-amine?",17
Determine the total carbon count for CC(=O)c1cccc(NC(=O)COC(=O)c2cccc(N3C(=O)[C@H]4CC=CC[C@@H]4C3=O)c2)c1.,"Determine the total carbon count for [2-(3-acetylanilino)-2-oxoethyl] 3-[(3aS,7aS)-1,3-dioxo-3a,4,7,7a-tetrahydroisoindol-2-yl]benzoate.",25
Compute the total number of carbons in O=C(O)[C@H]1CCCN(C(=O)Cc2csc(COc3ccc(Cl)cc3)n2)C1.,"Compute the total number of carbons in (3S)-1-[2-[2-[(4-chlorophenoxy)methyl]-1,3-thiazol-4-yl]acetyl]piperidine-3-carboxylic acid.",18
What is the total count of carbon atoms in Clc1ccc(CSc2nnc(-c3cnccn3)s2)cc1?,"What is the total count of carbon atoms in 2-[(4-chlorophenyl)methylsulfanyl]-5-pyrazin-2-yl-1,3,4-thiadiazole?",13
Compute the total number of carbons in O=C(NCc1ccccc1)N1CCCC(COc2ncc(Br)cn2)C1.,Compute the total number of carbons in N-benzyl-3-[(5-bromopyrimidin-2-yl)oxymethyl]piperidine-1-carboxamide.,18
Count the number of carbon atoms in CCCCn1cc(C2CCN(CCOc3cc(Cl)ccc3C(=O)O)CC2)c2ccccc21.,Count the number of carbon atoms in 2-[2-[4-(1-butylindol-3-yl)piperidin-1-yl]ethoxy]-4-chlorobenzoic acid.,26
What is the total count of carbon atoms in CC1CCC2(C(=O)OC3OC(CO)C(O)C(O)C3O)CCC3(C(=O)O)C(=CCC4C5(C)CCC(OC6OCC(O)C(O)C6O)C(C)(C)C5CCC43C)C2C1C?,"What is the total count of carbon atoms in 1,2,6b,9,9,12a-hexamethyl-4a-[3,4,5-trihydroxy-6-(hydroxymethyl)oxan-2-yl]oxycarbonyl-10-(3,4,5-trihydroxyoxan-2-yl)oxy-2,3,4,5,6,6a,7,8,8a,10,11,12,13,14b-tetradecahydro-1H-picene-6a-carboxylic acid?",41
Identify the carbon atom count in the molecule CC(C)CC(CO)NCc1cc(Cl)ccc1F.,Identify the carbon atom count in the molecule 2-[(5-chloro-2-fluorophenyl)methylamino]-4-methylpentan-1-ol.,13
How many carbon atoms make up the structure CC[C@@H](C(=O)NC1CCCCC1)N(Cc1ccc(Cl)cc1Cl)C(=O)CCCN(c1cccc(C(F)(F)F)c1)S(C)(=O)=O?,"How many carbon atoms make up the structure (2S)-N-cyclohexyl-2-[(2,4-dichlorophenyl)methyl-[4-[N-methylsulfonyl-3-(trifluoromethyl)anilino]butanoyl]amino]butanamide?",29
Report the number of carbon atoms in Cc1noc(C)c1CCC(=O)N1CCCSC[C@H]1CN1CCOCC1.,"Report the number of carbon atoms in 3-(3,5-dimethyl-1,2-oxazol-4-yl)-1-[(3R)-3-(morpholin-4-ylmethyl)-1,4-thiazepan-4-yl]propan-1-one.",18
Identify the carbon atom count in the molecule COc1ccccc1-c1nnc2n1C(C(=O)N1CCOCC1)CC2.,"Identify the carbon atom count in the molecule [3-(2-methoxyphenyl)-6,7-dihydro-5H-pyrrolo[2,1-c][1,2,4]triazol-5-yl]-morpholin-4-ylmethanone.",17
Determine the total carbon count for CSCCC(NC=O)C(=O)NC(CC(C)C)C(=O)NC1(C(=O)O)CC1c1ccccc1.,Determine the total carbon count for 1-[[2-[(2-formamido-4-methylsulfanylbutanoyl)amino]-4-methylpentanoyl]amino]-2-phenylcyclopropane-1-carboxylic acid.,22
"For the molecule Nc1ccc(Cl)c(-c2nnc(N)n2N)c1, how many carbon atoms does it contain?","For the molecule 5-(5-amino-2-chlorophenyl)-1,2,4-triazole-3,4-diamine, how many carbon atoms does it contain?",8
How many carbons are present in the molecule c1cc(-c2cnccn2)cc(-c2ccn(CCCN3CCCCC3)n2)c1?,How many carbons are present in the molecule 2-[3-[1-(3-piperidin-1-ylpropyl)pyrazol-3-yl]phenyl]pyrazine?,21
Compute the total number of carbons in CCOC(=O)c1[nH]c(C)c(C(=O)OCC(=O)N[C@H]2CCS(=O)(=O)C2)c1C.,"Compute the total number of carbons in 4-O-[2-[[(3S)-1,1-dioxothiolan-3-yl]amino]-2-oxoethyl] 2-O-ethyl 3,5-dimethyl-1H-pyrrole-2,4-dicarboxylate.",16
Compute the total number of carbons in CN(C)CC1(O)CCCN(C(=O)c2cnc(-c3cccnc3)nc2)C1.,Compute the total number of carbons in [3-[(dimethylamino)methyl]-3-hydroxypiperidin-1-yl]-(2-pyridin-3-ylpyrimidin-5-yl)methanone.,18
What is the total count of carbon atoms in CCC1(CC)C=CCC1?,"What is the total count of carbon atoms in 3,3-diethylcyclopentene?",9
Determine the total carbon count for CN(C)CCOc1ccc(Br)cc1S(N)(=O)=O.,Determine the total carbon count for 5-bromo-2-[2-(dimethylamino)ethoxy]benzenesulfonamide.,10
How many carbon atoms make up the structure Cc1ccc(Nc2nn(-c3ccc(S(N)(=O)=O)cc3)c3nc(Nc4ccccc4)n(-c4ccccc4)c(=O)c23)cc1?,"How many carbon atoms make up the structure 4-[6-anilino-3-(4-methylanilino)-4-oxo-5-phenylpyrazolo[5,4-d]pyrimidin-1-yl]benzenesulfonamide?",30
How many carbon atoms make up the structure CC(C)c1ccc(OC[C@H]2c3ccsc3CCN2C(=O)CN(C(=O)C2CC2)C(C)(C)C)cc1?,"How many carbon atoms make up the structure N-tert-butyl-N-[2-oxo-2-[(4R)-4-[(4-propan-2-ylphenoxy)methyl]-6,7-dihydro-4H-thieno[3,2-c]pyridin-5-yl]ethyl]cyclopropanecarboxamide?",27
What is the total count of carbon atoms in CCN1CCN(C(=O)N[C@@H](C(=O)N[C@H]2C(=O)N3C(C(=O)O)=C(CSc4nnnn4C)CS[C@@H]23)c2ccc(O)cc2)C(=O)C1=O?,"What is the total count of carbon atoms in (6S,7S)-7-[[(2R)-2-[(4-ethyl-2,3-dioxopiperazine-1-carbonyl)amino]-2-(4-hydroxyphenyl)acetyl]amino]-3-[(1-methyltetrazol-5-yl)sulfanylmethyl]-8-oxo-5-thia-1-azabicyclo[4.2.0]oct-2-ene-2-carboxylic acid?",25
What is the total count of carbon atoms in CN(C)CCOc1ncc(Nc2cc(-c3ccccc3)nc3cc(-c4ccc(F)cc4)nn23)cc1F?,"What is the total count of carbon atoms in N-[6-[2-(dimethylamino)ethoxy]-5-fluoro-3-pyridinyl]-2-(4-fluorophenyl)-5-phenylpyrazolo[1,5-a]pyrimidin-7-amine?",27
What is the total count of carbon atoms in CC1Cc2ccccc2C1NC(=O)CC1CCc2ccccc21?,"What is the total count of carbon atoms in 2-(2,3-dihydro-1H-inden-1-yl)-N-(2-methyl-2,3-dihydro-1H-inden-1-yl)acetamide?",21
How many carbon atoms make up the structure O=C(NS(=O)(=O)c1cccc(Cl)c1Cl)C1CC2(CCNCC2)C1?,"How many carbon atoms make up the structure N-(2,3-dichlorophenyl)sulfonyl-7-azaspiro[3.5]nonane-2-carboxamide?",15
Count the number of carbon atoms in O=C(O)C[C@@H](NC(=O)C1(c2ccc(F)cc2)CC1)C(=O)O.,Count the number of carbon atoms in (2R)-2-[[1-(4-fluorophenyl)cyclopropanecarbonyl]amino]butanedioic acid.,14
Determine the total carbon count for Cc1cc(O)n(C)c1O.,"Determine the total carbon count for 1,3-dimethylpyrrole-2,5-diol.",6
"Given O=C(CSc1ccc2ccccc2c1)Nc1nc2ccccc2[nH]1, return the number of carbon atoms.","Given N-(1H-benzimidazol-2-yl)-2-naphthalen-2-ylsulfanylacetamide, return the number of carbon atoms.",19
How many carbons are present in the molecule CCC(C(=O)O)C1(O)CCc2ccc(OC)cc2C1?,"How many carbons are present in the molecule 2-(2-hydroxy-7-methoxy-3,4-dihydro-1H-naphthalen-2-yl)butanoic acid?",15
Count the number of carbon atoms in CN(C)c1ccc([C@H]2[C@H]3C(=O)N(c4ccc(C(=O)O)cc4)C(=O)[C@H]3ON2c2ccccc2)cc1.,"Count the number of carbon atoms in 4-[(3R,3aR,6aS)-3-[4-(dimethylamino)phenyl]-4,6-dioxo-2-phenyl-3a,6a-dihydro-3H-pyrrolo[3,4-d][1,2]oxazol-5-yl]benzoic acid.",26
Determine the total carbon count for CCN(CC)c1nc(N)c(C(=O)NCC(=O)NC(C)C)s1.,"Determine the total carbon count for 4-amino-2-(diethylamino)-N-[2-oxo-2-(propan-2-ylamino)ethyl]-1,3-thiazole-5-carboxamide.",13
Compute the total number of carbons in C[C@@H](O)CN1CCC2CNCC2CC1.,"Compute the total number of carbons in (2R)-1-(2,3,3a,4,5,7,8,8a-octahydro-1H-pyrrolo[3,4-d]azepin-6-yl)propan-2-ol.",11
Identify the carbon atom count in the molecule Cc1nc(SCc2cc(=O)[nH][nH]2)c2oc3ccccc3c2n1.,"Identify the carbon atom count in the molecule 5-[(2-methyl-[1]benzofuro[3,2-d]pyrimidin-4-yl)sulfanylmethyl]-1,2-dihydropyrazol-3-one.",15
Compute the total number of carbons in Cc1ccc(C)c(C(=O)N2CCCN(C)c3ccccc32)c1.,"Compute the total number of carbons in (2,5-dimethylphenyl)-(1-methyl-3,4-dihydro-2H-1,5-benzodiazepin-5-yl)methanone.",19
Compute the total number of carbons in CC(C)OCCCNC(=O)c1ccc2c(c1)N(Cc1c(F)cccc1Cl)C(=O)c1ccccc1S2.,"Compute the total number of carbons in 5-[(2-chloro-6-fluorophenyl)methyl]-6-oxo-N-(3-propan-2-yloxypropyl)benzo[b][1,4]benzothiazepine-3-carboxamide.",27
What is the total count of carbon atoms in Cc1csc(CN2CC3(C2)OCCC3COc2ncccc2F)n1?,"What is the total count of carbon atoms in 8-[(3-fluoro-2-pyridinyl)oxymethyl]-2-[(4-methyl-1,3-thiazol-2-yl)methyl]-5-oxa-2-azaspiro[3.4]octane?",17
What is the total count of carbon atoms in Cc1ccc(C=NN2C(=O)c3ccccc3NC2c2ccc(C)cc2)cc1?,"What is the total count of carbon atoms in 2-(4-methylphenyl)-3-[(4-methylphenyl)methylideneamino]-1,2-dihydroquinazolin-4-one?",23
"For the molecule c1ccc(-c2nc(-n3c4ccc(-n5c6ccccc6n6c7ccccc7cc56)cc4n4c5ccccc5cc34)nc3ccccc23)cc1, how many carbon atoms does it contain?","For the molecule 7-indolo[1,2-a]benzimidazol-10-yl-10-(4-phenylquinazolin-2-yl)indolo[1,2-a]benzimidazole, how many carbon atoms does it contain?",42
Report the number of carbon atoms in CCCCn1cc(C(=O)c2cccc3ccccc23)c2ccccc21.,Report the number of carbon atoms in (1-butylindol-3-yl)-naphthalen-1-ylmethanone.,23
Report the number of carbon atoms in O=c1nc(O)nc(O)o1.,"Report the number of carbon atoms in 1,3,5-oxadiazinane-2,4,6-trione.",3
Report the number of carbon atoms in CC1CCn2c(nc(-c3ccc(N(C)C)cc3)c2N)C1.,"Report the number of carbon atoms in 2-[4-(dimethylamino)phenyl]-7-methyl-5,6,7,8-tetrahydroimidazo[1,2-a]pyridin-3-amine.",16
Determine the total carbon count for c1ccc(-c2ccc(N(c3ccccc3)c3cc(-c4ccc5c(c4)oc4ccccc45)cc(-c4ccc5c6ccccc6n(-c6ccccc6)c5c4)c3)cc2)cc1.,Determine the total carbon count for 3-dibenzofuran-3-yl-N-phenyl-5-(9-phenylcarbazol-2-yl)-N-(4-phenylphenyl)aniline.,54
How many carbons are present in the molecule CCCCCCCC(CCC(=O)Nc1ccc(C)cc1[N+](=O)[O-])N1C(=O)C=CC1=O?,"How many carbons are present in the molecule 4-(2,5-dioxopyrrol-1-yl)-N-(4-methyl-2-nitrophenyl)undecanamide?",22
Determine the total carbon count for C[C@H](O)CNC(=O)c1cnccc1Nc1nc(-c2cc(Cl)ccc2F)ncc1C(C)(C)C.,Determine the total carbon count for 4-[[5-tert-butyl-2-(5-chloro-2-fluorophenyl)pyrimidin-4-yl]amino]-N-[(2S)-2-hydroxypropyl]pyridine-3-carboxamide.,23
Compute the total number of carbons in CC1(C)CC(=O)C2(Cc3ccccc3N3CCN(Cc4ccccc4)C[C@H]32)C(=O)C1.,"Compute the total number of carbons in (4aR)-3-benzyl-5',5'-dimethylspiro[2,4,4a,6-tetrahydro-1H-pyrazino[1,2-a]quinoline-5,2'-cyclohexane]-1',3'-dione.",26
Identify the carbon atom count in the molecule CC1CCC23C(=O)OC(CC2C12CC(c1ccoc1)OC2=O)C1OC13C.,"Identify the carbon atom count in the molecule 5'-(furan-3-yl)-4,11-dimethylspiro[10,13-dioxatetracyclo[6.3.2.01,6.09,11]tridecane-5,3'-oxolane]-2',12-dione.",20
How many carbon atoms make up the structure CN1c2ccccc2C(=O)N2CCc3c(n(CCCCCCO[N+](=O)[O-])c4ccccc34)C21?,"How many carbon atoms make up the structure 6-(21-methyl-14-oxo-3,13,21-triazapentacyclo[11.8.0.02,10.04,9.015,20]henicosa-2(10),4,6,8,15,17,19-heptaen-3-yl)hexyl nitrate?",25
How many carbon atoms make up the structure CC(C)CNC(=O)C1CSCN1S(=O)(=O)c1cc(F)c(F)cc1F?,"How many carbon atoms make up the structure N-(2-methylpropyl)-3-(2,4,5-trifluorophenyl)sulfonyl-1,3-thiazolidine-4-carboxamide?",14
"Given CS(=O)(=O)NC[C@H]1CCCCN1C(=O)N[C@H]1CCN(Cc2ccccc2)C1, return the number of carbon atoms.","Given (2R)-N-[(3S)-1-benzylpyrrolidin-3-yl]-2-(methanesulfonamidomethyl)piperidine-1-carboxamide, return the number of carbon atoms.",19
What is the total count of carbon atoms in C=C1CCC2C(C)(COC(=O)CCC(=O)O)C(OC(=O)CCC(=O)O)CCC2(C)C1CC=C1C=COC1=O?,"What is the total count of carbon atoms in 4-[[2-(3-carboxypropanoyloxy)-1,4a-dimethyl-6-methylidene-5-[2-(2-oxofuran-3-ylidene)ethyl]-3,4,5,7,8,8a-hexahydro-2H-naphthalen-1-yl]methoxy]-4-oxobutanoic acid?",28
What is the total count of carbon atoms in Cc1nc(N(C)C)ncc1C(=O)NCCSC(F)(F)F?,What is the total count of carbon atoms in 2-(dimethylamino)-4-methyl-N-[2-(trifluoromethylsulfanyl)ethyl]pyrimidine-5-carboxamide?,11
"For the molecule Cc1ccsc1C(=O)NC1CCN(c2cnn(CC3CC3)c(=O)c2)CC1, how many carbon atoms does it contain?","For the molecule N-[1-[1-(cyclopropylmethyl)-6-oxopyridazin-4-yl]piperidin-4-yl]-3-methylthiophene-2-carboxamide, how many carbon atoms does it contain?",19
"For the molecule CC(=O)Nc1ccc(C(=O)N[C@@H]2CCN(Cc3ccccc3)C2)cc1, how many carbon atoms does it contain?","For the molecule 4-acetamido-N-[(3R)-1-benzylpyrrolidin-3-yl]benzamide, how many carbon atoms does it contain?",20
"Given Cc1ccc(NCc2c(C)nn(CCO)c2C)c(F)c1, return the number of carbon atoms.","Given 2-[4-[(2-fluoro-4-methylanilino)methyl]-3,5-dimethylpyrazol-1-yl]ethanol, return the number of carbon atoms.",15
What is the total count of carbon atoms in Cc1cc(S(=O)(=O)c2cc3ccc(O)c(C)c3oc2=O)ccc1F?,What is the total count of carbon atoms in 3-(4-fluoro-3-methylphenyl)sulfonyl-7-hydroxy-8-methylchromen-2-one?,17
Identify the carbon atom count in the molecule CC1C2C=CC1C(=O)N2.,Identify the carbon atom count in the molecule 7-methyl-2-azabicyclo[2.2.1]hept-5-en-3-one.,7
Compute the total number of carbons in Cc1ccc(OC(=O)N(C)C)c(Br)c1C.,"Compute the total number of carbons in (2-bromo-3,4-dimethylphenyl) N,N-dimethylcarbamate.",11
