question,reactants,products,answer
"In the chemical transformation where the reactants are H3N.C6H5Br2NS, what compounds are produced?",H3N.C6H5Br2NS,HBr.C6H7BrN2S,HBr.C6H7BrN2S
"Based on the listed reactants (C4H9I.K+.H2O.K+.I-.C16H36N+.C19H19FN2O5.CO3-2.C3H7NO), predict the products of the reaction.",C4H9I.K+.H2O.K+.I-.C16H36N+.C19H19FN2O5.CO3-2.C3H7NO,CO3-2.HI.C16H36N+.K+.C3H7NO.C23H27FN2O5.K+.H2O.I-,CO3-2.HI.C16H36N+.K+.C3H7NO.C23H27FN2O5.K+.H2O.I-
"For the reaction starting from reactants HO-.Na+.C6H15N.HCl.C11H13NO2.C15H16F3N3O2.CH2Cl2, determine the resulting products.",HO-.Na+.C6H15N.HCl.C11H13NO2.C15H16F3N3O2.CH2Cl2,HCl.C26H29F3N4O3.CH2Cl2.Na+.O.HO-.C6H15N,HCl.C26H29F3N4O3.CH2Cl2.Na+.O.HO-.C6H15N
"Based on the listed reactants (C2H6O.H2.C16H15NO.CHCl3.C7H10N2O2S), predict the products of the reaction.",C2H6O.H2.C16H15NO.CHCl3.C7H10N2O2S,C2H6O.CHCl3.C7H10N2O2S.C16H17N.O,C2H6O.CHCl3.C7H10N2O2S.C16H17N.O
Consider the chemical reaction involving the reactants C14H27N.C6H8O7.C2H3O2-.C8H8INO.C4H8O2.C2H3O2-.Pd+2.C4H9NO.C19H20FNO2. What products are formed?,C14H27N.C6H8O7.C2H3O2-.C8H8INO.C4H8O2.C2H3O2-.Pd+2.C4H9NO.C19H20FNO2,C27H27FN2O3.C4H8O2.C6H8O7.HI.C2H3O2-.C14H27N.Pd+2.C2H3O2-.C4H9NO,C27H27FN2O3.C4H8O2.C6H8O7.HI.C2H3O2-.C14H27N.Pd+2.C2H3O2-.C4H9NO
What are the expected reaction products from the reactants C4H5NO.C7H7ClN2O.C4H8O?,C4H5NO.C7H7ClN2O.C4H8O,C11H12ClN3O2.C4H8O,C11H12ClN3O2.C4H8O
"For the reaction starting from reactants C2H2BrN.C8H17NO2, determine the resulting products.",C2H2BrN.C8H17NO2,C10H18N2O2.HBr,C10H18N2O2.HBr
"For the reaction starting from reactants C12H12ClNO3S2.C8H8F2N-.N, determine the resulting products.",C12H12ClNO3S2.C8H8F2N-.N,ClN-.C20H20F2N2O3S2,ClN-.C20H20F2N2O3S2
Determine the products formed when the reactants I-.C2H4O2.H4N+.C11H12F3N3O.H2O2.I undergo reaction.,I-.C2H4O2.H4N+.C11H12F3N3O.H2O2.I,C2H4O2.H4N+.C11H11F3IN3O.HI-.H2O2,C2H4O2.H4N+.C11H11F3IN3O.HI-.H2O2
"For the reaction starting from reactants HCl.C3H6ClNO.C23H18F6N2O3.C4H10O.C5H5N, determine the resulting products.",HCl.C3H6ClNO.C23H18F6N2O3.C4H10O.C5H5N,C26H23F6N3O4.C4H10O.C5H5N.HCl.HCl,C26H23F6N3O4.C4H10O.C5H5N.HCl.HCl
"Based on the listed reactants (C5H10Br2.H-.C3H7NO.C10H9NO2.Na+), predict the products of the reaction.",C5H10Br2.H-.C3H7NO.C10H9NO2.Na+,HBr.H-.C3H7NO.C15H18BrNO2.Na+,HBr.H-.C3H7NO.C15H18BrNO2.Na+
"Using the given reaction specification:
Reactants: C13H23NO3.C7H4ClNO4.C4H8O2.C5H5N
Identify the products.",C13H23NO3.C7H4ClNO4.C4H8O2.C5H5N,C5H5N.C20H26N2O7.C4H8O2.HCl,C5H5N.C20H26N2O7.C4H8O2.HCl
Determine the products formed when the reactants C17H11ClN2OS.HCl.C4H8O2.C3H4N2O.H-.H2O.Na+.C3H7NO undergo reaction.,C17H11ClN2OS.HCl.C4H8O2.C3H4N2O.H-.H2O.Na+.C3H7NO,H-.C4H8O2.C3H7NO.HCl.C20H14N4O2S.H2O.Na+.HCl,H-.C4H8O2.C3H7NO.HCl.C20H14N4O2S.H2O.Na+.HCl
"Using the given reaction specification:
Reactants: C6H15N.CH2Cl2.C8H12N2O4S.C7H3ClF2O.C4H8O2
Identify the products.",C6H15N.CH2Cl2.C8H12N2O4S.C7H3ClF2O.C4H8O2,CH2Cl2.C6H15N.HCl.C4H8O2.C15H14F2N2O5S,CH2Cl2.C6H15N.HCl.C4H8O2.C15H14F2N2O5S
Determine the products formed when the reactants H2O.CO3-2.C18H18BrF3N2O4S.C4H9NO.Na+.C13H21N.Na+ undergo reaction.,H2O.CO3-2.C18H18BrF3N2O4S.C4H9NO.Na+.C13H21N.Na+,Na+.C22H26F3N3O5S.Na+.H2O.CO3-2.HBr.C13H21N,Na+.C22H26F3N3O5S.Na+.H2O.CO3-2.HBr.C13H21N
Determine the products formed when the reactants C18H16ClNO2.CO3-2.K+.H2O.C13H18O4.K+.C3H7NO undergo reaction.,C18H16ClNO2.CO3-2.K+.H2O.C13H18O4.K+.C3H7NO,K+.H2O.HCl.K+.C3H7NO.CO3-2.C31H33NO6,K+.H2O.HCl.K+.C3H7NO.CO3-2.C31H33NO6
"Given the following reactants:
C2H3N.C8H10N4S.C3H2F3NS
Predict the reaction products.",C2H3N.C8H10N4S.C3H2F3NS,C11H12F3N5S2.C2H3N,C11H12F3N5S2.C2H3N
Determine the products formed when the reactants F-.C7H6Cl2.C7H6O3.C2H3N.K+ undergo reaction.,F-.C7H6Cl2.C7H6O3.C2H3N.K+,C14H11ClO3.C2H3N.F-.HCl.K+,C14H11ClO3.C2H3N.F-.HCl.K+
"Based on the listed reactants (C4H8O.N2.C6H12), predict the products of the reaction.",C4H8O.N2.C6H12,C10H20O.N2,C10H20O.N2
"Based on the listed reactants (C4H8O2.C3H7NO.C10H12O3.C9H11Cl), predict the products of the reaction.",C4H8O2.C3H7NO.C10H12O3.C9H11Cl,C3H7NO.C4H8O2.HCl.C19H22O3,C3H7NO.C4H8O2.HCl.C19H22O3
What are the expected reaction products from the reactants C13H19NO2.C12H12BrNO2.C10H14BrNO2S?,C13H19NO2.C12H12BrNO2.C10H14BrNO2S,HBr.C12H12BrNO2.C23H32N2O4S,HBr.C12H12BrNO2.C23H32N2O4S
"Given the following reactants:
C12H15ClN2.C8H11N
Predict the reaction products.",C12H15ClN2.C8H11N,C20H25N3.HCl,C20H25N3.HCl
"Reactants: H2.C4H8O.C2H6O.C15H17N3O2
Products:",H2.C4H8O.C2H6O.C15H17N3O2,C15H19N3O2.C4H8O.C2H6O,C15H19N3O2.C4H8O.C2H6O
"In the chemical transformation where the reactants are C7H15N3O.C29H30Cl3N3O2, what compounds are produced?",C7H15N3O.C29H30Cl3N3O2,HCl.C36H44Cl2N6O3,HCl.C36H44Cl2N6O3
"For the reaction starting from reactants Li+.H2.H-.H-.H-.C4H8O.Al+3.H-.C13H8ClNOS, determine the resulting products.",Li+.H2.H-.H-.H-.C4H8O.Al+3.H-.C13H8ClNOS,Li+.O.H-.H-.C4H8O.H-.H-.C13H10ClNS.Al+3,Li+.O.H-.H-.C4H8O.H-.H-.C13H10ClNS.Al+3
"From the reaction defined solely by the reactants C4H10N2.C3H7NO.C6H3ClF3N.C6H15N, predict the products.",C4H10N2.C3H7NO.C6H3ClF3N.C6H15N,C6H15N.HCl.C10H12F3N3.C3H7NO,C6H15N.HCl.C10H12F3N3.C3H7NO
"Based on the listed reactants (NO3-.K+.C7H5BrO.H2O4S), predict the products of the reaction.",NO3-.K+.C7H5BrO.H2O4S,HO-.H2O4S.C7H4BrNO3.K+,HO-.H2O4S.C7H4BrNO3.K+
"Reactants: CH4O.Na+.CH5N.CH3BN-.Cl-.H2.CH6N+.C23H30FNO
Products:",CH4O.Na+.CH5N.CH3BN-.Cl-.H2.CH6N+.C23H30FNO,BO-.Cl-.Na+.CH5N.CH6N+.C24H35FN2.CH4O,BO-.Cl-.Na+.CH5N.CH6N+.C24H35FN2.CH4O
What are the expected reaction products from the reactants C3H7NO.C12H9NOS.H-.Na+.C3H7Br?,C3H7NO.C12H9NOS.H-.Na+.C3H7Br,H-.HBr.C15H15NOS.C3H7NO.Na+,H-.HBr.C15H15NOS.C3H7NO.Na+
"In the chemical transformation where the reactants are Mg.K+.HO4S-.H2O.CH2Cl2.C8H8O.H.HCl.C4H8O.C7H7Br, what compounds are produced?",Mg.K+.HO4S-.H2O.CH2Cl2.C8H8O.H.HCl.C4H8O.C7H7Br,Br.Mg.C4H8O.HCl.CH2Cl2.H2O.C15H16O.K+.HO4S-,Br.Mg.C4H8O.HCl.CH2Cl2.H2O.C15H16O.K+.HO4S-
What are the expected reaction products from the reactants C8H7N3.C9H9BrO2.K+.C7H8.K+.CO3-2.C4H8O2.Pd+2.C2H3O2-.C44H32P2.C2H3O2-?,C8H7N3.C9H9BrO2.K+.C7H8.K+.CO3-2.C4H8O2.Pd+2.C2H3O2-.C44H32P2.C2H3O2-,C4H8O2.K+.HBr.C2H3O2-.C17H15N3O2.Pd+2.K+.C2H3O2-.C7H8.CO3-2.C44H32P2,C4H8O2.K+.HBr.C2H3O2-.C17H15N3O2.Pd+2.K+.C2H3O2-.C7H8.CO3-2.C44H32P2
"Using the given reaction specification:
Reactants: Na.H2O.C3H5N3.C11H4Cl7N.C3H7NO
Identify the products.",Na.H2O.C3H5N3.C11H4Cl7N.C3H7NO,C3H7NO.Na.HCl.C14H8Cl6N4.H2O,C3H7NO.Na.HCl.C14H8Cl6N4.H2O
"Given the following reactants:
CKNO.C2H4O2.C4H8O2.H.H2O.C10H13BrN2O2
Predict the reaction products.",CKNO.C2H4O2.C4H8O2.H.H2O.C10H13BrN2O2,C11H14BrN3O3.C2H4O2.C4H8O2.K.H2O,C11H14BrN3O3.C2H4O2.C4H8O2.K.H2O
What are the expected reaction products from the reactants Na+.H2O.C8H7ClO2.HO-.HCl.C6H11NO2?,Na+.H2O.C8H7ClO2.HO-.HCl.C6H11NO2,C14H17NO4.HCl.HO-.Na+.HCl.H2O,C14H17NO4.HCl.HO-.Na+.HCl.H2O
"Given the following reactants:
C4H8O.CH5N.CH4O.C15H13ClN2O4
Predict the reaction products.",C4H8O.CH5N.CH4O.C15H13ClN2O4,CH4O.C16H18ClN3O4.C4H8O,CH4O.C16H18ClN3O4.C4H8O
"From the reaction defined solely by the reactants HO3P-2.C4H8O.HCl.C6H14N-.C3H7F2O3P.Li+.C15H24O, predict the products.",HO3P-2.C4H8O.HCl.C6H14N-.C3H7F2O3P.Li+.C15H24O,C4H8O.C6H14N-.HO3P-2.C18H31F2O4P.Li+.HCl,C4H8O.C6H14N-.HO3P-2.C18H31F2O4P.Li+.HCl
"In the chemical transformation where the reactants are C4H8O.H2O.C12H12N4O.C8H19N.C6H5ClO2S, what compounds are produced?",C4H8O.H2O.C12H12N4O.C8H19N.C6H5ClO2S,H2O.C18H16N4O3S.HCl.C4H8O.C8H19N,H2O.C18H16N4O3S.HCl.C4H8O.C8H19N
"Given the following reactants:
H2O.C7H6Cl2N2O2.C2H3N.C4H8O2.C9H8FN3.C8H19N
Predict the reaction products.",H2O.C7H6Cl2N2O2.C2H3N.C4H8O2.C9H8FN3.C8H19N,C4H8O2.C8H19N.C2H3N.HCl.C16H13ClFN5O2.H2O,C4H8O2.C8H19N.C2H3N.HCl.C16H13ClFN5O2.H2O
"In the chemical transformation where the reactants are C5H9NO.C15H14O3.C4H8O.H-.Na+, what compounds are produced?",C5H9NO.C15H14O3.C4H8O.H-.Na+,Na+.H-.C20H23NO4.C4H8O,Na+.H-.C20H23NO4.C4H8O
"Reactants: C6H10BO6-.C26H30N6O4.C4H8O.Na+.C9H10O3
Products:",C6H10BO6-.C26H30N6O4.C4H8O.Na+.C9H10O3,O.C35H40N6O6.C4H8O.Na+.C6H10BO6-,O.C35H40N6O6.C4H8O.Na+.C6H10BO6-
Consider the chemical reaction involving the reactants C15H7Cl2F2N.C9H16N2.C4H10O.C6H15N.C19H27NO4.CH2Cl2. What products are formed?,C15H7Cl2F2N.C9H16N2.C4H10O.C6H15N.C19H27NO4.CH2Cl2,C9H16N2.C34H34Cl2F2N2O4.CH2Cl2.C6H15N.C4H10O,C9H16N2.C34H34Cl2F2N2O4.CH2Cl2.C6H15N.C4H10O
"From the reaction defined solely by the reactants C4H9NO2.C6H6O.C19H21IN4O2.C4H8O2.Cs+.Cs+.CO3-2, predict the products.",C4H9NO2.C6H6O.C19H21IN4O2.C4H8O2.Cs+.Cs+.CO3-2,CO3-2.C4H9NO2.Cs+.C25H26N4O3.HI.C4H8O2.Cs+,CO3-2.C4H9NO2.Cs+.C25H26N4O3.HI.C4H8O2.Cs+
"For the reaction starting from reactants C15H21ClO2S.C3H7NO.C3H4N2, determine the resulting products.",C15H21ClO2S.C3H7NO.C3H4N2,HCl.C3H7NO.C18H24N2O2S,HCl.C3H7NO.C18H24N2O2S
"Based on the listed reactants (C18H22N2O4S.C6H15N.C6H10O3.C2H4Cl2.C4H8O2), predict the products of the reaction.",C18H22N2O4S.C6H15N.C6H10O3.C2H4Cl2.C4H8O2,C24H32N2O7S.C4H8O2.C6H15N.C2H4Cl2,C24H32N2O7S.C4H8O2.C6H15N.C2H4Cl2
"Given the following reactants:
C12H15ClF2N2.C6H5N3S
Predict the reaction products.",C12H15ClF2N2.C6H5N3S,C18H19F2N5S.HCl,C18H19F2N5S.HCl
"Using the given reaction specification:
Reactants: K+.Cl-.C4H8O.C21H17NS2.C6H6S.Na+.C4H9O-
Identify the products.",K+.Cl-.C4H8O.C21H17NS2.C6H6S.Na+.C4H9O-,Cl-.C27H23NS3.C4H8O.Na+.K+.C4H9O-,Cl-.C27H23NS3.C4H8O.Na+.K+.C4H9O-
Determine the products formed when the reactants C2H4O2.Zn.C4H4N2O.C2H6O.C4H9NO2 undergo reaction.,C2H4O2.Zn.C4H4N2O.C2H6O.C4H9NO2,Zn.C2H4O2.C8H13N3O.O2.C2H6O,Zn.C2H4O2.C8H13N3O.O2.C2H6O
"Based on the listed reactants (C13H16NOS+.Cl-.C19H24O4S.C4H8O.C2H6O.C8H11NO3S.C6H15N), predict the products of the reaction.",C13H16NOS+.Cl-.C19H24O4S.C4H8O.C2H6O.C8H11NO3S.C6H15N,C4H8O.C27H35NO7S2.C2H6O.Cl-.C6H15N.C13H16NOS+,C4H8O.C27H35NO7S2.C2H6O.Cl-.C6H15N.C13H16NOS+
"Using the given reaction specification:
Reactants: K+.C4H9NS.K+.C5H9NO.C11H11ClN2O2S.CO3-2.H2O
Identify the products.",K+.C4H9NS.K+.C5H9NO.C11H11ClN2O2S.CO3-2.H2O,K+.K+.HCl.CO3-2.C15H19N3O2S2.C5H9NO.H2O,K+.K+.HCl.CO3-2.C15H19N3O2S2.C5H9NO.H2O
"Based on the listed reactants (C32H39FN2O3.H.C3H5ClO2), predict the products of the reaction.",C32H39FN2O3.H.C3H5ClO2,C35H45FN2O4.ClO,C35H45FN2O4.ClO
"Using the given reaction specification:
Reactants: C12H15N3.C6H10BO6-.C14H14N2O.CH2Cl2.Na+.C2H4O2
Identify the products.",C12H15N3.C6H10BO6-.C14H14N2O.CH2Cl2.Na+.C2H4O2,C6H10BO6-.C26H29N5.O.C2H4O2.CH2Cl2.Na+,C6H10BO6-.C26H29N5.O.C2H4O2.CH2Cl2.Na+
"Given the following reactants:
C4H8O2.H2O.HCl.HO-.C12H14O3.H4B-.Na+.K+
Predict the reaction products.",C4H8O2.H2O.HCl.HO-.C12H14O3.H4B-.Na+.K+,Na+.H2O.K+.HO-.O.HCl.H4B-.C4H8O2.C12H14O2,Na+.H2O.K+.HO-.O.HCl.H4B-.C4H8O2.C12H14O2
Determine the products formed when the reactants C29H31ClO6.ClO4-.C8H11N.Ag+.C28H32O6 undergo reaction.,C29H31ClO6.ClO4-.C8H11N.Ag+.C28H32O6,C8H11N.Ag+.HCl.C57H62O12.ClO4-,C8H11N.Ag+.HCl.C57H62O12.ClO4-
Consider the chemical reaction involving the reactants Na+.H2O.CHO3-.C4H10O.C8H6ClNO4.C3H9NS.HCl. What products are formed?,Na+.H2O.CHO3-.C4H10O.C8H6ClNO4.C3H9NS.HCl,HCl.C11H14N2O4S.C4H10O.H2O.Na+.CHO3-.HCl,HCl.C11H14N2O4S.C4H10O.H2O.Na+.CHO3-.HCl
"Using the given reaction specification:
Reactants: C10H14O.C10H14O.C6H4FNO2.C6H4ClNO2
Identify the products.",C10H14O.C10H14O.C6H4FNO2.C6H4ClNO2,C6H4ClNO2.C10H14O.C16H17NO3.HF,C6H4ClNO2.C10H14O.C16H17NO3.HF
"For the reaction starting from reactants HCl.C2H5I.C15H17ClN4, determine the resulting products.",HCl.C2H5I.C15H17ClN4,HI.C17H21ClN4.HCl,HI.C17H21ClN4.HCl
"Reactants: C4H8O.C2H2Br2O.HCl.C9H11ClN2OS
Products:",C4H8O.C2H2Br2O.HCl.C9H11ClN2OS,C4H8O.HCl.HBr.C11H12BrClN2O2S,C4H8O.HCl.HBr.C11H12BrClN2O2S
What are the expected reaction products from the reactants C17H20Cl2N2O5.CH2Cl2?,C17H20Cl2N2O5.CH2Cl2,CH2Cl2.C17H18Cl2N2O5.H2,CH2Cl2.C17H18Cl2N2O5.H2
Consider the chemical reaction involving the reactants CO3-2.Cs+.C16H18FN5OS.C7H4BrN.Cs+. What products are formed?,CO3-2.Cs+.C16H18FN5OS.C7H4BrN.Cs+,C23H21FN6OS.HBr.CO3-2.Cs+.Cs+,C23H21FN6OS.HBr.CO3-2.Cs+.Cs+
"Based on the listed reactants (C14H14ClFN2O2S.H4B-.H2.Na+.C2H6O), predict the products of the reaction.",C14H14ClFN2O2S.H4B-.H2.Na+.C2H6O,C2H6O.Na+.H4B-.C14H16ClFN2O2S,C2H6O.Na+.H4B-.C14H16ClFN2O2S
"In the chemical transformation where the reactants are K+.CO3-2.K+.C5H9Br.C3H7NO.H2O.C7H5NO, what compounds are produced?",K+.CO3-2.K+.C5H9Br.C3H7NO.H2O.C7H5NO,K+.H2O.CO3-2.HBr.C3H7NO.C12H13NO.K+,K+.H2O.CO3-2.HBr.C3H7NO.C12H13NO.K+
"Using the given reaction specification:
Reactants: C21H20FN5O.HBr.HBr.HBr.C11H8ClNO3S
Identify the products.",C21H20FN5O.HBr.HBr.HBr.C11H8ClNO3S,HBr.HBr.HBr.HCl.C32H27FN6O4S,HBr.HBr.HBr.HCl.C32H27FN6O4S
"Based on the listed reactants (NO2-.C2H4Cl2.C13H21N.Na+.C13H20N4O6.C13H18N4O5.HNO3.H), predict the products of the reaction.",NO2-.C2H4Cl2.C13H21N.Na+.C13H20N4O6.C13H18N4O5.HNO3.H,C13H20N4O6.C13H19N3O4.C13H21N.C2H4Cl2.HNO3.NO.Na+.NO2-,C13H20N4O6.C13H19N3O4.C13H21N.C2H4Cl2.HNO3.NO.Na+.NO2-
What are the expected reaction products from the reactants Br-.C7H6BrF.C11H16N2O.H2O.C4H9Li.Na+.C4H8O?,Br-.C7H6BrF.C11H16N2O.H2O.C4H9Li.Na+.C4H8O,HBr.Na+.C4H9Li.Br-.C4H8O.H2O.C18H21FN2O,HBr.Na+.C4H9Li.Br-.C4H8O.H2O.C18H21FN2O
Determine the products formed when the reactants C3H7NO.C14H15ClN2O.C6H6OS undergo reaction.,C3H7NO.C14H15ClN2O.C6H6OS,C20H20N2O2S.HCl.C3H7NO,C20H20N2O2S.HCl.C3H7NO
"Using the given reaction specification:
Reactants: C6H6O2S.Na.C7H7BrN2O2S.C2H6OS
Identify the products.",C6H6O2S.Na.C7H7BrN2O2S.C2H6OS,Na.C13H12N2O4S2.C2H6OS.HBr,Na.C13H12N2O4S2.C2H6OS.HBr
"Based on the listed reactants (C2H6OS.C22H18ClF2N3O3S.CH2Cl2.C6H14N2.C7H7NO), predict the products of the reaction.",C2H6OS.C22H18ClF2N3O3S.CH2Cl2.C6H14N2.C7H7NO,C7H7NO.CH2Cl2.HF.C28H31ClFN5O3S.C2H6OS,C7H7NO.CH2Cl2.HF.C28H31ClFN5O3S.C2H6OS
Determine the products formed when the reactants C4H8O.C8H12O4.C6H15N.C4H4S2.HCl undergo reaction.,C4H8O.C8H12O4.C6H15N.C4H4S2.HCl,C6H15N.C12H16O4S2.HCl.C4H8O,C6H15N.C12H16O4S2.HCl.C4H8O
"Given the following reactants:
H2.C9H9BrO2.K+.H3B.K+.CO3-2.C4H8O.C4H8O
Predict the reaction products.",H2.C9H9BrO2.K+.H3B.K+.CO3-2.C4H8O.C4H8O,C4H8O.O.K+.C4H8O.H3B.CO3-2.K+.C9H11BrO,C4H8O.O.K+.C4H8O.H3B.CO3-2.K+.C9H11BrO
Determine the products formed when the reactants C4H9Li.C6H14.C4H8O2.H-.Na+.C19H14FNO.C7H8.C8H12O4.C2H4O2.C4H8O undergo reaction.,C4H9Li.C6H14.C4H8O2.H-.Na+.C19H14FNO.C7H8.C8H12O4.C2H4O2.C4H8O,C7H8.C4H8O2.C6H14.C4H9Li.H-.C4H8O.C27H26FNO5.C2H4O2.Na+,C7H8.C4H8O2.C6H14.C4H9Li.H-.C4H8O.C27H26FNO5.C2H4O2.Na+
"In the chemical transformation where the reactants are Cs+.C6H4ClN3.CO3-2.Na+.C3H7NO.C9H9IO2.Cs+.CHO3-, what compounds are produced?",Cs+.C6H4ClN3.CO3-2.Na+.C3H7NO.C9H9IO2.Cs+.CHO3-,HI.Cs+.Na+.CO3-2.Cs+.C15H12ClN3O2.C3H7NO.CHO3-,HI.Cs+.Na+.CO3-2.Cs+.C15H12ClN3O2.C3H7NO.CHO3-
Determine the products formed when the reactants C4H10O.C18H21BrO.C4H9O-.C4H8O.C4H10O.K+.H2O.C5H12O4 undergo reaction.,C4H10O.C18H21BrO.C4H9O-.C4H8O.C4H10O.K+.H2O.C5H12O4,C4H10O.HBr.C4H10O.C4H8O.H2O.K+.C23H32O5.C4H9O-,C4H10O.HBr.C4H10O.C4H8O.H2O.K+.C23H32O5.C4H9O-
"Using the given reaction specification:
Reactants: C9H19N.C11H12ClNO2
Identify the products.",C9H19N.C11H12ClNO2,HCl.C20H30N2O2,HCl.C20H30N2O2
"In the chemical transformation where the reactants are C4H10O.C8H8O3.C6H5ClFN, what compounds are produced?",C4H10O.C8H8O3.C6H5ClFN,C4H10O.C14H13ClFNO3,C4H10O.C14H13ClFNO3
"Reactants: C10H6ClNO2.C16H25N3
Products:",C10H6ClNO2.C16H25N3,C26H30N4O2.HCl,C26H30N4O2.HCl
Determine the products formed when the reactants C5H4N2S2.C11H16BrN.HBr undergo reaction.,C5H4N2S2.C11H16BrN.HBr,HBr.HBr.C16H19N3S2,HBr.HBr.C16H19N3S2
"Based on the listed reactants (CHCl3.C6H5FN2O2.HO-.H2O.Na+.C2H4O2.Br2), predict the products of the reaction.",CHCl3.C6H5FN2O2.HO-.H2O.Na+.C2H4O2.Br2,HBr.HO-.C6H4BrFN2O2.Na+.CHCl3.H2O.C2H4O2,HBr.HO-.C6H4BrFN2O2.Na+.CHCl3.H2O.C2H4O2
"Based on the listed reactants (C11H13IO.Cs+.C19H18FN3O4S.Cs+.CO3-2), predict the products of the reaction.",C11H13IO.Cs+.C19H18FN3O4S.Cs+.CO3-2,CO3-2.Cs+.Cs+.C30H30FN3O5S.HI,CO3-2.Cs+.Cs+.C30H30FN3O5S.HI
Determine the products formed when the reactants C6H15N.C4H8O.C6H5BrFN.C4H9Li.C6H2Cl2FNO2 undergo reaction.,C6H15N.C4H8O.C6H5BrFN.C4H9Li.C6H2Cl2FNO2,HCl.C12H6BrClF2N2O2.C4H9Li.C6H15N.C4H8O,HCl.C12H6BrClF2N2O2.C4H9Li.C6H15N.C4H8O
"For the reaction starting from reactants CH2Cl2.C6H13N.C11H9ClO2S.C6H15N, determine the resulting products.",CH2Cl2.C6H13N.C11H9ClO2S.C6H15N,C6H15N.CH2Cl2.C17H21NO2S.HCl,C6H15N.CH2Cl2.C17H21NO2S.HCl
"Reactants: C6H10BO6-.C7H4N2OS.C17H23N3O2.CH4O.C2H4Cl2.Na+
Products:",C6H10BO6-.C7H4N2OS.C17H23N3O2.CH4O.C2H4Cl2.Na+,CH4O.C24H27N5O2S.O.C6H10BO6-.C2H4Cl2.Na+,CH4O.C24H27N5O2S.O.C6H10BO6-.C2H4Cl2.Na+
"Based on the listed reactants (C3H7NO.C6H6ClN.H-.Na+.C22H19N3O4.H2O), predict the products of the reaction.",C3H7NO.C6H6ClN.H-.Na+.C22H19N3O4.H2O,HCl.C28H24N4O4.C3H7NO.H-.Na+.H2O,HCl.C28H24N4O4.C3H7NO.H-.Na+.H2O
Consider the chemical reaction involving the reactants C16H19NO4.CO3-2.K+.C11H10ClN.K+.K+.I-. What products are formed?,C16H19NO4.CO3-2.K+.C11H10ClN.K+.K+.I-,C27H28N2O4.K+.CO3-2.HCl.I-.K+.K+,C27H28N2O4.K+.CO3-2.HCl.I-.K+.K+
"From the reaction defined solely by the reactants Li+.C12H11NO2.CH3I.C6H18NSi2-.C4H8O, predict the products.",Li+.C12H11NO2.CH3I.C6H18NSi2-.C4H8O,Li+.HI.C13H13NO2.C6H18NSi2-.C4H8O,Li+.HI.C13H13NO2.C6H18NSi2-.C4H8O
Consider the chemical reaction involving the reactants C3H7NO2.CH4O.HCl.C6H15N.C7H6Br2. What products are formed?,C3H7NO2.CH4O.HCl.C6H15N.C7H6Br2,C10H12BrNO2.HBr.HCl.CH4O.C6H15N,C10H12BrNO2.HBr.HCl.CH4O.C6H15N
"Given the following reactants:
CH2BrF.C16H15N3O3.CO3-2.K+.C4H8O2.H2O.K+
Predict the reaction products.",CH2BrF.C16H15N3O3.CO3-2.K+.C4H8O2.H2O.K+,H2O.HBr.K+.K+.C4H8O2.CO3-2.C17H16FN3O3,H2O.HBr.K+.K+.C4H8O2.CO3-2.C17H16FN3O3
Determine the products formed when the reactants C14H10BrClO.CO3-2.K+.K+.H2O.C8H10N4O2.C3H7NO undergo reaction.,C14H10BrClO.CO3-2.K+.K+.H2O.C8H10N4O2.C3H7NO,HBr.K+.C22H19ClN4O3.H2O.K+.CO3-2.C3H7NO,HBr.K+.C22H19ClN4O3.H2O.K+.CO3-2.C3H7NO
"Based on the listed reactants (C11H10ClNO2.C6H4Cl2.C7H10N2.C10H12O3), predict the products of the reaction.",C11H10ClNO2.C6H4Cl2.C7H10N2.C10H12O3,C7H10N2.HCl.C6H4Cl2.C21H21NO5,C7H10N2.HCl.C6H4Cl2.C21H21NO5
Determine the products formed when the reactants C8H6BrFO2.C7H8.Cu+.Cs+.C7H8.Cs+.CF3O3S-.C6H6O.C4H8O2.CO3-2 undergo reaction.,C8H6BrFO2.C7H8.Cu+.Cs+.C7H8.Cs+.CF3O3S-.C6H6O.C4H8O2.CO3-2,Cu+.Cs+.CO3-2.C7H8.C14H11FO3.C7H8.CF3O3S-.C4H8O2.Cs+.HBr,Cu+.Cs+.CO3-2.C7H8.C14H11FO3.C7H8.CF3O3S-.C4H8O2.Cs+.HBr
"In the chemical transformation where the reactants are Na+.H2O.Na+.C8H9NO2.CH3ClO2S.CO3-2.HCl, what compounds are produced?",Na+.H2O.Na+.C8H9NO2.CH3ClO2S.CO3-2.HCl,C9H11NO4S.Na+.HCl.HCl.H2O.CO3-2.Na+,C9H11NO4S.Na+.HCl.HCl.H2O.CO3-2.Na+
Determine the products formed when the reactants C8H11N.C15H8ClF3N2O2S undergo reaction.,C8H11N.C15H8ClF3N2O2S,HCl.C23H18F3N3O2S,HCl.C23H18F3N3O2S
"For the reaction starting from reactants C3H7NO.K+.CO3-2.C6H6OS.K+.C14H8F4N2O3.H2O, determine the resulting products.",C3H7NO.K+.CO3-2.C6H6OS.K+.C14H8F4N2O3.H2O,C3H7NO.H2O.K+.HF.CO3-2.C20H13F3N2O4S.K+,C3H7NO.H2O.K+.HF.CO3-2.C20H13F3N2O4S.K+
"Based on the listed reactants (C2H6O.C15H13NO2.C16H19NO2), predict the products of the reaction.",C2H6O.C15H13NO2.C16H19NO2,C2H6O.C31H32N2O4,C2H6O.C31H32N2O4
Consider the chemical reaction involving the reactants C3H7Br.C12H9BrO.K+.CO3-2.K+. What products are formed?,C3H7Br.C12H9BrO.K+.CO3-2.K+,HBr.K+.C15H15BrO.CO3-2.K+,HBr.K+.C15H15BrO.CO3-2.K+
"Using the given reaction specification:
Reactants: CH4.CH4O.HCl.Pd.C25H32O8
Identify the products.",CH4.CH4O.HCl.Pd.C25H32O8,O.CH4O.HCl.CH4.Pd.C25H32O7,O.CH4O.HCl.CH4.Pd.C25H32O7
"Based on the listed reactants (Pd+2.C18H15P.C5H10Si.C18H15P.C7H8.C20H16BrN3O2.C2H3O2-.C2H3O2-), predict the products of the reaction.",Pd+2.C18H15P.C5H10Si.C18H15P.C7H8.C20H16BrN3O2.C2H3O2-.C2H3O2-,C25H25N3O2Si.C2H3O2-.C7H8.Pd+2.C18H15P.HBr.C18H15P.C2H3O2-,C25H25N3O2Si.C2H3O2-.C7H8.Pd+2.C18H15P.HBr.C18H15P.C2H3O2-
"For the reaction starting from reactants C4H8O.H2O.C3H5NO.C26H25F3N4O3, determine the resulting products.",C4H8O.H2O.C3H5NO.C26H25F3N4O3,H2O.C29H30F3N5O4.C4H8O,H2O.C29H30F3N5O4.C4H8O
"Given the following reactants:
C9H18O3.C2Cl2O2.C2H6OS.C6H15N.CH2Cl2
Predict the reaction products.",C9H18O3.C2Cl2O2.C2H6OS.C6H15N.CH2Cl2,C2Cl2O2.C6H15N.C2H6OS.C9H16O3.CH2Cl2.H2,C2Cl2O2.C6H15N.C2H6OS.C9H16O3.CH2Cl2.H2
"Using the given reaction specification:
Reactants: K+.K+.CO3-2.H2O.C4H7Cl.C3H7NO.C13H17NO2
Identify the products.",K+.K+.CO3-2.H2O.C4H7Cl.C3H7NO.C13H17NO2,H2O.C17H23NO2.CO3-2.C3H7NO.K+.K+.HCl,H2O.C17H23NO2.CO3-2.C3H7NO.K+.K+.HCl
"From the reaction defined solely by the reactants H2.CH4O.C22H35N5O2Si, predict the products.",H2.CH4O.C22H35N5O2Si,C22H37N5O2Si.CH4O,C22H37N5O2Si.CH4O
