prompt,gt,task
"I have the IUPAC name N-tert-butyl-N-[4-(2,5-dimethylhex-3-en-3-yl)phenyl]hydroxylamine. What's the equivalent SMILES string?",CC(C)C=C(C1=CC=C(C=C1)N(C(C)(C)C)O)C(C)C,iupac2smiles
"What is the SMILES string for the compound named 2,3-dimethoxy-N-[1-(oxolan-3-yl)ethyl]propan-1-amine?",CC(C1CCOC1)NCC(COC)OC,iupac2smiles
"I have the IUPAC name 2-(4-fluorophenyl)benzo[f][1,3]benzothiazole. What's the equivalent SMILES string?",C1=CC=C2C=C3C(=CC2=C1)N=C(S3)C4=CC=C(C=C4)F,iupac2smiles
Please output the IUPAC chemical name that matches this SMILES: CC1=C(C(=NC2=NC(=NN12)SC)C)CC(=O)NC3=CC=C(C=C3)NCCC4=CC=CC=C4,"2-(5,7-dimethyl-2-methylsulfanyl-[1,2,4]triazolo[1,5-a]pyrimidin-6-yl)-N-[4-(2-phenylethylamino)phenyl]acetamide",smiles2iupac
"Please output the SMILES structure that matches this IUPAC name: 3-amino-6-[3-(2,3-dihydro-1H-inden-1-ylcarbamoyl)phenyl]-N-pyrrolidin-3-ylpyrazine-2-carboxamide",C1CC2=CC=CC=C2C1NC(=O)C3=CC=CC(=C3)C4=CN=C(C(=N4)C(=O)NC5CCNC5)N,iupac2smiles
"Translate this chemical IUPAC name into SMILES format: 1-[3-[2-ethyl-3-(7-pyridin-3-yl-3a,7a-dihydro-3H-imidazo[4,5-c]pyridin-2-yl)-3a,4-dihydro-1H-indol-5-yl]cyclohept-3-en-1-yl]-N,N-dimethylmethanamine",CCC1=C(C2CC(=CC=C2N1)C3=CCCCC(C3)CN(C)C)C4=NC5C(N4)C=NC=C5C6=CN=CC=C6,iupac2smiles
Please output the IUPAC chemical name that matches this SMILES: CCN(CC(=O)OCC)S(=O)(=O)CCOCC,ethyl 2-[2-ethoxyethylsulfonyl(ethyl)amino]acetate,smiles2iupac
"Given the IUPAC name (2R)-3,3,3-trifluoro-2-phenylpropanenitrile, return its SMILES notation.",C1=CC=C(C=C1)C(C#N)C(F)(F)F,iupac2smiles
Find the systematic IUPAC name of the molecule represented by C1=CC(=CC(=C1)C(=O)NC2=CC(=C(C=C2)O)Cl)C#N.,N-(3-chloro-4-hydroxyphenyl)-3-cyanobenzamide,smiles2iupac
Can you provide the SMILES representation of methyl 2-[2-amino-6-[2-[cyclohexyl(1-hydroxyethyl)amino]-2-oxoethoxy]-4H-quinazolin-3-yl]acetate?,CC(N(C1CCCCC1)C(=O)COC2=CC3=C(C=C2)N=C(N(C3)CC(=O)OC)N)O,iupac2smiles
Translate this SMILES notation into an IUPAC chemical name: CC1=C(C=NN1C2=NC3=C(C(=O)N2)SC=C3)C(=O)N4CCC5CCCCC5C4,"2-[4-[(4aR,8aS)-3,4,4a,5,6,7,8,8a-octahydro-1H-isoquinoline-2-carbonyl]-5-methylpyrazol-1-yl]-3H-thieno[3,2-d]pyrimidin-4-one",smiles2iupac
Can you provide the SMILES representation of N-(1-imidazol-1-ylpropan-2-yl)-5-oxopyrrolidine-3-carboxamide?,CC(CN1C=CN=C1)NC(=O)C2CC(=O)NC2,iupac2smiles
"Please output the SMILES structure that matches this IUPAC name: N-[3-[5-[[5-[(3-chlorophenyl)-methylsulfamoyl]-2-oxo-1H-indol-3-ylidene]methyl]-4-methyl-3-(4-methylpiperazine-1-carbonyl)-1H-pyrrol-2-yl]propyl]-N,3,5-trimethylpyrazole-1-carboxamide",CC1=CC(=NN1C(=O)N(C)CCCC2=C(C(=C(N2)C=C3C4=C(C=CC(=C4)S(=O)(=O)N(C)C5=CC(=CC=C5)Cl)NC3=O)C)C(=O)N6CCN(CC6)C)C,iupac2smiles
"I have the IUPAC name [3-[3-(3-fluorophenyl)-1,2,4-oxadiazol-5-yl]piperidin-1-yl]-[3-(pyrrolidin-1-ylmethyl)phenyl]methanone. What's the equivalent SMILES string?",C1CCN(C1)CC2=CC(=CC=C2)C(=O)N3CCCC(C3)C4=NC(=NO4)C5=CC(=CC=C5)F,iupac2smiles
"Convert the following IUPAC name to its SMILES representation: 3-[2-(2,4-dimethylphenoxy)butanoylamino]-N-(3-oxo-2,4-dihydropyrrol-5-yl)benzamide",CCC(C(=O)NC1=CC=CC(=C1)C(=O)NC2=NCC(=O)C2)OC3=C(C=C(C=C3)C)C,iupac2smiles
"Given the IUPAC name N-(2-amino-2-oxoethyl)-N-ethyl-2-methylpiperidine-3-carboxamide, return its SMILES notation.",CCN(CC(=O)N)C(=O)C1CCCNC1C,iupac2smiles
Please output the IUPAC chemical name that matches this SMILES: CC1C(C(OC12C3=C(C=CC(=C3)NC(=O)C4CCCNC4)N(C2=O)C5=CC=CC=C5)CCN6C=C(N=N6)CCO)[Si](C)(C)C7=CC=C(C=C7)OC,"N-[(3R,3'R,4'S,5'R)-5'-[2-[4-(2-hydroxyethyl)triazol-1-yl]ethyl]-4'-[(4-methoxyphenyl)-dimethylsilyl]-3'-methyl-2-oxo-1-phenylspiro[indole-3,2'-oxolane]-5-yl]piperidine-3-carboxamide",smiles2iupac
"What is the SMILES string for the compound named (1S)-1-(2,5-dimethoxyphenyl)-2-(pteridin-4-ylamino)ethanol?",COC1=CC(=C(C=C1)OC)C(CNC2=NC=NC3=NC=CN=C32)O,iupac2smiles
"From the IUPAC name 1-[[2-(2-chlorophenyl)-1,3-thiazol-4-yl]methyl]-2-methylpiperidin-4-amine, generate the corresponding SMILES string.",CC1CC(CCN1CC2=CSC(=N2)C3=CC=CC=C3Cl)N,iupac2smiles
Translate this SMILES notation into an IUPAC chemical name: CN(CC1=CC(=CS1)C#CCO)C(=O)CCC2CCCO2,N-[[4-(3-hydroxyprop-1-ynyl)thiophen-2-yl]methyl]-N-methyl-3-(oxolan-2-yl)propanamide,smiles2iupac
Can you provide the IUPAC nomenclature for the compound CCCCC(CNC(CC1=CC=C(C=C1)O)C(=O)O)NC(=O)OC(C)(C)C?,3-(4-hydroxyphenyl)-2-[2-[(2-methylpropan-2-yl)oxycarbonylamino]hexylamino]propanoic acid,smiles2iupac
"I have the IUPAC name N-(1-cyanocyclopropyl)-2-[5-[[6-[3-(difluoromethoxy)phenyl]-7-fluoro-1,3-benzothiazol-2-yl]methyl]-1,3,4-oxadiazol-2-yl]acetamide. What's the equivalent SMILES string?",C1CC1(C#N)NC(=O)CC2=NN=C(O2)CC3=NC4=C(S3)C(=C(C=C4)C5=CC(=CC=C5)OC(F)F)F,iupac2smiles
"Given the IUPAC name methyl (2R)-3-(4-chlorophenyl)-2-[[(2R)-2-[[(2R)-2-(3,5-dihydroxy-4-methoxyphenyl)-2-[[(2S)-2-[(2-methylpropan-2-yl)oxycarbonylamino]-2-phenylacetyl]amino]acetyl]amino]-2-phenylacetyl]amino]propanoate, return its SMILES notation.",CC(C)(C)OC(=O)NC(C1=CC=CC=C1)C(=O)NC(C2=CC(=C(C(=C2)O)OC)O)C(=O)NC(C3=CC=CC=C3)C(=O)NC(CC4=CC=C(C=C4)Cl)C(=O)OC,iupac2smiles
"Translate this chemical IUPAC name into SMILES format: N-[1-(4-bromo-2-fluorophenyl)-2-phenylprop-2-enyl]-6-methoxy-5-methyl-1,2,3,6-tetrahydropyridin-4-amine",CC1=C(CCNC1OC)NC(C2=C(C=C(C=C2)Br)F)C(=C)C3=CC=CC=C3,iupac2smiles
"What is the SMILES string for the compound named (Z)-2-amino-2-[4-(dimethylamino)cyclohexa-1,3-dien-1-yl]-1-[4-(dimethylamino)phenyl]ethenethiol?",CN(C)C1=CC=C(CC1)C(=C(C2=CC=C(C=C2)N(C)C)S)N,iupac2smiles
Find the SMILES encoding for the molecule with IUPAC name: [(2S)-1-(N-(2-ethoxy-2-oxoethyl)-4-fluoroanilino)-1-oxopropan-2-yl] (2S)-2-benzamidopropanoate,CCOC(=O)CN(C1=CC=C(C=C1)F)C(=O)C(C)OC(=O)C(C)NC(=O)C2=CC=CC=C2,iupac2smiles
Find the systematic IUPAC name of the molecule represented by CC(C)C(C)C1(CCC2(C3CCC4C5(CC(C(C4(C3=CCC2(C1C(=O)O)C)COC5)OCC(C)(C(C)C)N)N6N=C(N=N6)NC)C)C)C.,"(1R,5S,6R,7R,10R,11R,14R,15S,19R,20R)-19-(2-amino-2,3-dimethylbutoxy)-5,7,10,15-tetramethyl-20-[5-(methylamino)tetrazol-2-yl]-7-[(2R)-3-methylbutan-2-yl]-17-oxapentacyclo[13.3.3.01,14.02,11.05,10]henicos-2-ene-6-carboxylic acid",smiles2iupac
"Can you provide the SMILES representation of (2-benzyl-2,3-dihydro-1H-inden-5-yl) benzoate?",C1C(CC2=C1C=CC(=C2)OC(=O)C3=CC=CC=C3)CC4=CC=CC=C4,iupac2smiles
Generate the canonical SMILES corresponding to the IUPAC name: methyl-[2-(2-methylsulfanylanilino)-2-oxoethyl]-[(2S)-1-oxo-1-[2-propoxy-5-(trifluoromethyl)anilino]propan-2-yl]azanium,CCCOC1=C(C=C(C=C1)C(F)(F)F)NC(=O)C(C)[NH+](C)CC(=O)NC2=CC=CC=C2SC,iupac2smiles
"From the IUPAC name N-methyl-4-(methylamino)-N-[1-(4-methylphenyl)propan-2-yl]butanamide;hydrochloride, generate the corresponding SMILES string.",CC1=CC=C(C=C1)CC(C)N(C)C(=O)CCCNC.Cl,iupac2smiles
"Given the IUPAC name 5-cyano-N-(2-cyanoethyl)-2-hydroxybenzamide, return its SMILES notation.",C1=CC(=C(C=C1C#N)C(=O)NCCC#N)O,iupac2smiles
"I have the IUPAC name ethyl (2S,4S,5R,6R)-6-[(R)-[(4R)-2,2-dimethyl-1,3-dioxolan-4-yl]-(methoxymethoxy)methyl]-4,5-dihydroxyoxane-2-carboxylate. What's the equivalent SMILES string?",CCOC(=O)C1CC(C(C(O1)C(C2COC(O2)(C)C)OCOC)O)O,iupac2smiles
What is the IUPAC name for the molecule with SMILES: CC(C)CN1C(=O)N(C=N1)C2=CC=C(C=C2)N3CCN(CC3)C4=CC=C(C=C4)OCC5COC(O5)(CN6C=NC=N6)C7=C(C=C(C=C7)F)F?,"4-[4-[4-[4-[[2-(2,4-difluorophenyl)-2-(1,2,4-triazol-1-ylmethyl)-1,3-dioxolan-4-yl]methoxy]phenyl]piperazin-1-yl]phenyl]-2-(2-methylpropyl)-1,2,4-triazol-3-one",smiles2iupac
"Generate the canonical SMILES corresponding to the IUPAC name: [(2R,4S)-4-methoxy-1-methylsulfonylpyrrolidin-2-yl]-(2-methyl-3,4-dihydro-2H-quinolin-1-yl)methanone",CC1CCC2=CC=CC=C2N1C(=O)C3CC(CN3S(=O)(=O)C)OC,iupac2smiles
What is the SMILES string for the compound named 3-[2-hydroxyethyl(methyl)amino]propyl (E)-3-(4-hexadecoxyphenyl)prop-2-enoate?,CCCCCCCCCCCCCCCCOC1=CC=C(C=C1)C=CC(=O)OCCCN(C)CCO,iupac2smiles
"Please output the SMILES structure that matches this IUPAC name: 2-[(4-ethyl-5-morpholin-4-yl-1,2,4-triazol-3-yl)sulfanylmethyl]-5-(5-methylthiophen-2-yl)-4aH-thieno[2,3-d]pyrimidin-4-one",CCN1C(=NN=C1SCC2=NC(=O)C3C(=CSC3=N2)C4=CC=C(S4)C)N5CCOCC5,iupac2smiles
"Given the IUPAC name S-phenyl (2S,3S)-3-hydroxy-4-methyl-2-(trifluoromethyl)pentanethioate, return its SMILES notation.",CC(C)C(C(C(=O)SC1=CC=CC=C1)C(F)(F)F)O,iupac2smiles
"Convert the following IUPAC name to its SMILES representation: 2,2-dimethyl-N-[2-(2-methyloxan-4-yl)ethyl]-6-(trifluoromethyl)morpholine-4-carboxamide",CC1CC(CCO1)CCNC(=O)N2CC(OC(C2)(C)C)C(F)(F)F,iupac2smiles
I have the IUPAC name N-(2-chloro-5-methylpyridin-3-yl)quinoline-5-carboxamide. What's the equivalent SMILES string?,CC1=CC(=C(N=C1)Cl)NC(=O)C2=C3C=CC=NC3=CC=C2,iupac2smiles
"Given the IUPAC name 18-(2-chlorophenyl)-3-ethyl-15-(1-hydroxypropan-2-yl)-2,10-dioxa-15,18-diazatetracyclo[11.8.0.01,16.03,12]henicosa-4,20-diene-11,14,17-trione, return its SMILES notation.",CCC12C=CCCCCOC(=O)C1C3C(=O)N(C4C3(O2)C=CCN(C4=O)C5=CC=CC=C5Cl)C(C)CO,iupac2smiles
"I have the IUPAC name 2-(5,6-dichloro-1,3-dioxoisoindol-2-yl)-N-[3-methyl-2-(pyrrolidine-1-carbonyl)phenyl]acetamide. What's the equivalent SMILES string?",CC1=C(C(=CC=C1)NC(=O)CN2C(=O)C3=CC(=C(C=C3C2=O)Cl)Cl)C(=O)N4CCCC4,iupac2smiles
Can you provide the IUPAC nomenclature for the compound CC(C)C1=NC(=CC(=N1)N2CCCC2)NN?,(2-propan-2-yl-6-pyrrolidin-1-ylpyrimidin-4-yl)hydrazine,smiles2iupac
"Can you provide the SMILES representation of [(2S,3S,4R,5S)-5-(2-amino-6-oxo-8H-purin-9-yl)-3,4-dihydroxyoxolan-2-yl]methyl [(2R,3R,4R,5S,6S)-3,4,5-trihydroxy-6-methyloxan-2-yl] hydrogen phosphate?",CC1C(C(C(C(O1)OP(=O)(O)OCC2C(C(C(O2)N3CN=C4C3=NC(=NC4=O)N)O)O)O)O)O,iupac2smiles
Translate this chemical IUPAC name into SMILES format: 1-(2-acetyl-5-ethyl-6-methyl-3-prop-2-enoxyphenyl)ethanone,CCC1=CC(=C(C(=C1C)C(=O)C)C(=O)C)OCC=C,iupac2smiles
Find the systematic IUPAC name of the molecule represented by CC1=C(SC=C1)C=CC(=O)N2CCCC(C2)C(=O)O.,(3R)-1-[(E)-3-(3-methylthiophen-2-yl)prop-2-enoyl]piperidine-3-carboxylic acid,smiles2iupac
"Convert the following IUPAC name to its SMILES representation: [1-[2-(diethylazaniumyl)ethyl]-2-(2-methoxyphenyl)-4,5-dioxopyrrolidin-3-ylidene]-(5-methoxycarbonyl-2,4-dimethyl-1H-pyrrol-3-yl)methanolate",CC[NH+](CC)CCN1C(C(=C(C2=C(NC(=C2C)C(=O)OC)C)[O-])C(=O)C1=O)C3=CC=CC=C3OC,iupac2smiles
What is the SMILES string for the compound named (Z)-2-cyano-3-(2-methoxy-4-nitroanilino)-N-[2-(4-methoxyphenyl)ethyl]prop-2-enamide?,COC1=CC=C(C=C1)CCNC(=O)C(=CNC2=C(C=C(C=C2)[N+](=O)[O-])OC)C#N,iupac2smiles
"Please output the SMILES structure that matches this IUPAC name: 3-(furan-2-yl)-1-[4-[[3-[5-[3-(trifluoromethyl)phenyl]-1,2,4-oxadiazol-3-yl]phenyl]methyl]piperazin-1-yl]propan-1-one",C1CN(CCN1CC2=CC(=CC=C2)C3=NOC(=N3)C4=CC(=CC=C4)C(F)(F)F)C(=O)CCC5=CC=CO5,iupac2smiles
Translate this SMILES notation into an IUPAC chemical name: C1=CC=C(C=C1)F,1-deuterio-4-fluorobenzene,smiles2iupac
"Translate this chemical IUPAC name into SMILES format: N-[4-[1-(2,5-dimethylanilino)-1-oxopropan-2-yl]sulfanylphenyl]-4-methoxybenzamide",CC1=CC(=C(C=C1)C)NC(=O)C(C)SC2=CC=C(C=C2)NC(=O)C3=CC=C(C=C3)OC,iupac2smiles
"From the IUPAC name 3-methyl-1-[2-(2-methylpropyl)-1,2,4-triazol-3-yl]-3-pyrrolidin-1-ylpentan-2-ol, generate the corresponding SMILES string.",CCC(C)(C(CC1=NC=NN1CC(C)C)O)N2CCCC2,iupac2smiles
Can you provide the SMILES representation of N-benzyl-2-methyliminoethanamine?,CN=CCNCC1=CC=CC=C1,iupac2smiles
Can you provide the SMILES representation of tert-butyl N-[3-[4-[4-(4-methylphenyl)-4-oxobutanoyl]piperazin-1-yl]-3-oxopropyl]carbamate?,CC1=CC=C(C=C1)C(=O)CCC(=O)N2CCN(CC2)C(=O)CCNC(=O)OC(C)(C)C,iupac2smiles
"Find the SMILES encoding for the molecule with IUPAC name: 4-(hydroxymethyl)-1,3,8-triazatricyclo[8.4.0.02,7]tetradeca-2(7),3,5-trien-9-one",C1CCN2C(C1)C(=O)NC3=C2N=C(C=C3)CO,iupac2smiles
Find the SMILES encoding for the molecule with IUPAC name: N-[3-[2-[3-(dimethylamino)propyl]-5-methoxyanilino]quinoxalin-2-yl]-1-methylimidazole-4-sulfonamide;hydrochloride,CN1C=C(N=C1)S(=O)(=O)NC2=NC3=CC=CC=C3N=C2NC4=C(C=CC(=C4)OC)CCCN(C)C.Cl,iupac2smiles
"Translate this chemical IUPAC name into SMILES format: 2-N-(3-methoxypropyl)-6-N-(2-morpholin-4-ylphenyl)pyridine-2,6-dicarboxamide",COCCCNC(=O)C1=NC(=CC=C1)C(=O)NC2=CC=CC=C2N3CCOCC3,iupac2smiles
"Given the IUPAC name (3S)-icos-4-en-1-yn-3-ol, return its SMILES notation.",CCCCCCCCCCCCCCCC=CC(C#C)O,iupac2smiles
Generate the canonical SMILES corresponding to the IUPAC name: N-[[3-bromo-4-(3-bromophenyl)sulfanylphenyl]methyl]-2-methoxyethanamine,COCCNCC1=CC(=C(C=C1)SC2=CC(=CC=C2)Br)Br,iupac2smiles
"Convert the following IUPAC name to its SMILES representation: N-[2-(1,3,4-thiadiazol-2-ylsulfanyl)phenyl]-3-(3,4,5-trimethoxyphenyl)propanamide",COC1=CC(=CC(=C1OC)OC)CCC(=O)NC2=CC=CC=C2SC3=NN=CS3,iupac2smiles
"Convert the following IUPAC name to its SMILES representation: methyl 5-[[(4E)-4-[(2-benzoyloxy-3,5-dibromophenyl)methylidene]-2,5-dioxoimidazolidin-1-yl]methyl]furan-2-carboxylate",COC(=O)C1=CC=C(O1)CN2C(=O)C(=CC3=C(C(=CC(=C3)Br)Br)OC(=O)C4=CC=CC=C4)NC2=O,iupac2smiles
"From the SMILES CC1=CC=C(C=C1)C2C(=C(C3=CC=C(C=C3)OCC=C)[O-])C(=O)C(=O)N2CC4=CC=CO4, generate the corresponding IUPAC name.","[(2R)-1-(furan-2-ylmethyl)-2-(4-methylphenyl)-4,5-dioxopyrrolidin-3-ylidene]-(4-prop-2-enoxyphenyl)methanolate",smiles2iupac
Can you provide the SMILES representation of 1-[[2-(difluoromethoxy)-3-ethoxyphenyl]methyl]-2-methyl-3-prop-2-enylguanidine?,CCOC1=CC=CC(=C1OC(F)F)CNC(=NC)NCC=C,iupac2smiles
"From the IUPAC name N'-(2,5-dichlorophenyl)-N-(4-hydroxy-2-methylphenyl)oxamide, generate the corresponding SMILES string.",CC1=C(C=CC(=C1)O)NC(=O)C(=O)NC2=C(C=CC(=C2)Cl)Cl,iupac2smiles
What is the SMILES string for the compound named (2-amino-2-hydroxy-2-methoxyethyl) N-diazocarbamoperoxoate?,COC(COOC(=O)N=[N+]=[N-])(N)O,iupac2smiles
"I have the IUPAC name (2R)-2-[1,6-bis(4-chlorophenyl)-3-methylnaphthalen-2-yl]-2-[(2-methylpropan-2-yl)oxy]acetic acid. What's the equivalent SMILES string?",CC1=CC2=C(C=CC(=C2)C3=CC=C(C=C3)Cl)C(=C1C(C(=O)O)OC(C)(C)C)C4=CC=C(C=C4)Cl,iupac2smiles
Can you provide the IUPAC nomenclature for the compound C[NH+](CC1CCC[NH+](C1)CCC2=CC=C(C=C2)OC)CC3=CC4=C(C(=CC=C4)OC)OC3?,(8-methoxy-2H-chromen-3-yl)methyl-[[1-[2-(4-methoxyphenyl)ethyl]piperidin-1-ium-3-yl]methyl]-methylazanium,smiles2iupac
Generate the canonical SMILES corresponding to the IUPAC name: 2-[[2-(2-bromo-4-methylphenoxy)acetyl]amino]benzamide,CC1=CC(=C(C=C1)OCC(=O)NC2=CC=CC=C2C(=O)N)Br,iupac2smiles
Generate the canonical SMILES corresponding to the IUPAC name: 1-carboxyethylazanide;cobalt(3+),CC(C(=O)O)[NH-].CC(C(=O)O)[NH-].CC(C(=O)O)[NH-].[Co+3],iupac2smiles
Please output the IUPAC chemical name that matches this SMILES: CC1=CC(=C(C=C1)C(=O)NCC2CCNCC2)Br,2-bromo-4-methyl-N-(piperidin-4-ylmethyl)benzamide,smiles2iupac
Can you provide the SMILES representation of N-[[4-(3-hydroxypyrrolidin-1-yl)sulfonylphenyl]methyl]acetamide?,CC(=O)NCC1=CC=C(C=C1)S(=O)(=O)N2CCC(C2)O,iupac2smiles
"From the IUPAC name 2-[4-(3-bromophenyl)-1-methylpiperazin-2-yl]ethanol, generate the corresponding SMILES string.",CN1CCN(CC1CCO)C2=CC(=CC=C2)Br,iupac2smiles
Can you provide the IUPAC nomenclature for the compound CC(=O)C1=CC2=C(C=C1)NC3=CC=CC(=C32)CC(=O)O?,2-(6-acetyl-9H-carbazol-4-yl)acetic acid,smiles2iupac
"Translate this chemical IUPAC name into SMILES format: 4-(3-bromo-4-methoxyphenyl)-3,3-dimethylbutanoic acid",CC(C)(CC1=CC(=C(C=C1)OC)Br)CC(=O)O,iupac2smiles
"Given the IUPAC name (3R,5S)-1-(dibenzofuran-2-ylmethyl)-5-(2-fluoro-6-methoxyphenyl)-3-hydroxypyrrolidin-2-one, return its SMILES notation.",COC1=C(C(=CC=C1)F)C2CC(C(=O)N2CC3=CC4=C(C=C3)OC5=CC=CC=C54)O,iupac2smiles
"Convert the following IUPAC name to its SMILES representation: 3-O-ethyl 8-O-methyl 4-[(3-chloro-4-methoxyphenyl)methylamino]-6-cyanoquinoline-3,8-dicarboxylate",CCOC(=O)C1=CN=C2C(=CC(=CC2=C1NCC3=CC(=C(C=C3)OC)Cl)C#N)C(=O)OC,iupac2smiles
"Can you provide the SMILES representation of 2-(3-oxo-4H-1,4-benzoxazin-2-yl)-N-phenylmethoxyacetamide?",C1=CC=C(C=C1)CONC(=O)CC2C(=O)NC3=CC=CC=C3O2,iupac2smiles
"I have the IUPAC name (4S,4aS,5aR,12aS)-4a,5a-diamino-12a-cyano-4-(dimethylamino)-10-hydroxy-1,3,11,12-tetraoxo-7-prop-1-ynyl-4,5,6,11a-tetrahydrotetracene-2-carboxamide. What's the equivalent SMILES string?",CC#CC1=C2CC3(CC4(C(C(=O)C(C(=O)C4(C(=O)C3C(=O)C2=C(C=C1)O)C#N)C(=O)N)N(C)C)N)N,iupac2smiles
"Please output the SMILES structure that matches this IUPAC name: 5-(3,7-dioxabicyclo[4.1.0]heptan-6-yl)-2-(N-ethoxy-C-ethylcarbonimidoyl)cyclohexane-1,3-dione",CCC(=NOCC)C1C(=O)CC(CC1=O)C23CCOCC2O3,iupac2smiles
"Can you provide the SMILES representation of [4-(2,3-dimethylphenyl)piperazin-1-yl]-[4-(2-methoxyethylamino)-3-nitrophenyl]methanone?",CC1=C(C(=CC=C1)N2CCN(CC2)C(=O)C3=CC(=C(C=C3)NCCOC)[N+](=O)[O-])C,iupac2smiles
"Given the IUPAC name N-(3-tert-butylcyclobutyl)-2-methylcyclobutan-1-amine, return its SMILES notation.",CC1CCC1NC2CC(C2)C(C)(C)C,iupac2smiles
"I have the IUPAC name 2-[(1-ethylpyrazol-4-yl)methyl]-8-(pyridin-4-ylmethoxy)-5-oxa-2-azaspiro[3.5]nonane;2,2,2-trifluoroacetic acid. What's the equivalent SMILES string?",CCN1C=C(C=N1)CN2CC3(C2)CC(CCO3)OCC4=CC=NC=C4.C(=O)(C(F)(F)F)O.C(=O)(C(F)(F)F)O,iupac2smiles
"Generate the canonical SMILES corresponding to the IUPAC name: 2-phenacylsulfanyl-4-(trifluoromethyl)-5,6,7,8-tetrahydroquinoline-3-carbonitrile",C1CCC2=C(C1)C(=C(C(=N2)SCC(=O)C3=CC=CC=C3)C#N)C(F)(F)F,iupac2smiles
"Generate the canonical SMILES corresponding to the IUPAC name: N-[(2R)-1-[(3S,5S)-3,5-dimethylpiperidin-1-yl]-1-oxopropan-2-yl]-2-(trifluoromethyl)benzenesulfonamide",CC1CC(CN(C1)C(=O)C(C)NS(=O)(=O)C2=CC=CC=C2C(F)(F)F)C,iupac2smiles
"Convert the following IUPAC name to its SMILES representation: [(2S)-2-[(2-chlorophenyl)methyl]pyrrolidin-1-yl]-[5-(2,5-dimethoxyphenyl)-1,2-oxazol-3-yl]methanone",COC1=CC(=C(C=C1)OC)C2=CC(=NO2)C(=O)N3CCCC3CC4=CC=CC=C4Cl,iupac2smiles
Can you provide the IUPAC nomenclature for the compound C1CC1C(=CC(N)O)N?,"(Z)-1,3-diamino-3-cyclopropylprop-2-en-1-ol",smiles2iupac
Generate the IUPAC name corresponding to this SMILES: C1=CC2OC(=C1)C(=O)O2,"6,8-dioxabicyclo[3.2.1]octa-1,3-dien-7-one",smiles2iupac
"Please output the SMILES structure that matches this IUPAC name: (2S)-2-phenyl-4-prop-2-ynyl-2,3-dihydro-1,4-benzoxazin-5-amine",C#CCN1CC(OC2=CC=CC(=C21)N)C3=CC=CC=C3,iupac2smiles
What is the SMILES string for the compound named 3-(3-cyano-2-methyl-6-oxopyridin-1-yl)propanoic acid?,CC1=C(C=CC(=O)N1CCC(=O)O)C#N,iupac2smiles
Please output the SMILES structure that matches this IUPAC name: 2-[[3-(methylsulfamoyl)phenyl]sulfonylamino]-N-prop-2-ynylacetamide,CNS(=O)(=O)C1=CC(=CC=C1)S(=O)(=O)NCC(=O)NCC#C,iupac2smiles
Generate the canonical SMILES corresponding to the IUPAC name: [2-(1H-pyrrol-2-yl)pyrrolidin-1-yl]-[6-(trifluoromethyl)pyridin-3-yl]methanone,C1CC(N(C1)C(=O)C2=CN=C(C=C2)C(F)(F)F)C3=CC=CN3,iupac2smiles
"I have the IUPAC name 4-[5-(2-nitrophenyl)-1,2,4-oxadiazol-3-ylidene]cyclohexa-2,5-dien-1-one. What's the equivalent SMILES string?",C1=CC=C(C(=C1)C2=NC(=C3C=CC(=O)C=C3)NO2)[N+](=O)[O-],iupac2smiles
"Find the SMILES encoding for the molecule with IUPAC name: 2-[1-(2-methyl-5-nitrophenyl)-4,5,6,7-tetrahydroindazol-4-yl]acetic acid",CC1=C(C=C(C=C1)[N+](=O)[O-])N2C3=C(C=N2)C(CCC3)CC(=O)O,iupac2smiles
Please output the IUPAC chemical name that matches this SMILES: COC1=CC=CC(=C1)C2=C(C(=O)NC(=N2)SCC3=CC(=CC=C3)NCC4=CC=C(C=C4)C#N)C#N,2-[[3-[(4-cyanophenyl)methylamino]phenyl]methylsulfanyl]-4-(3-methoxyphenyl)-6-oxo-1H-pyrimidine-5-carbonitrile,smiles2iupac
"I have the IUPAC name N-cyclopropyl-N-(1,1-dioxothiolan-3-yl)pyridine-3-sulfonamide. What's the equivalent SMILES string?",C1CC1N(C2CCS(=O)(=O)C2)S(=O)(=O)C3=CN=CC=C3,iupac2smiles
Can you provide the SMILES representation of methyl (2S)-2-[2-[[(2R)-2-(1H-indol-3-yl)-2-(4-methoxyphenyl)ethyl]carbamoyl]phenyl]sulfanylpropanoate?,CC(C(=O)OC)SC1=CC=CC=C1C(=O)NCC(C2=CC=C(C=C2)OC)C3=CNC4=CC=CC=C43,iupac2smiles
"What is the SMILES string for the compound named 3-butyl-1,2,3a,7a-tetrahydrobenzimidazole?",CCCCN1CNC2C1C=CC=C2,iupac2smiles
"From the IUPAC name (E)-N-(4-chloro-3-nitrophenyl)-3-(2-chlorophenyl)-2-cyanoprop-2-enamide, generate the corresponding SMILES string.",C1=CC=C(C(=C1)C=C(C#N)C(=O)NC2=CC(=C(C=C2)Cl)[N+](=O)[O-])Cl,iupac2smiles
Find the systematic IUPAC name of the molecule represented by C1=CC=C2C(=C1)C(=NS2(=O)=O)NCCC(=O)OCC(=O)NC3=CC(=CC=C3)Cl.,"[2-(3-chloroanilino)-2-oxoethyl] 3-[(1,1-dioxo-1,2-benzothiazol-3-yl)amino]propanoate",smiles2iupac
Translate this chemical IUPAC name into SMILES format: N-[2-[2-[(propan-2-ylamino)methyl]-1-benzofuran-6-yl]pyrimidin-4-yl]-1H-indazol-5-amine,CC(C)NCC1=CC2=C(O1)C=C(C=C2)C3=NC=CC(=N3)NC4=CC5=C(C=C4)NN=C5,iupac2smiles
"From the SMILES CCCCCNC(=S)NNC(=O)C1=CC2=C(C=C1)C(=O)N(C2=O)C3=CC=CC=C3C, generate the corresponding IUPAC name.","1-[[2-(2-methylphenyl)-1,3-dioxoisoindole-5-carbonyl]amino]-3-pentylthiourea",smiles2iupac
Translate this SMILES notation into an IUPAC chemical name: COC(=O)N1CCCN(CC1)C(=O)C(CCSC)NC(=O)C2=CC=CC=C2Cl,"methyl 4-[(2R)-2-[(2-chlorobenzoyl)amino]-4-methylsulfanylbutanoyl]-1,4-diazepane-1-carboxylate",smiles2iupac
Translate this chemical IUPAC name into SMILES format: 2-fluoro-N-(6-methylcyclohex-2-en-1-yl)pyridine-4-carboxamide,CC1CCC=CC1NC(=O)C2=CC(=NC=C2)F,iupac2smiles
Translate this chemical IUPAC name into SMILES format: N-[[3-(3-methylbutylsulfanyl)phenyl]methyl]propan-2-amine,CC(C)CCSC1=CC=CC(=C1)CNC(C)C,iupac2smiles
"Find the SMILES encoding for the molecule with IUPAC name: N-(2,5-dibromo-4-chlorophenyl)benzamide",C1=CC=C(C=C1)C(=O)NC2=CC(=C(C=C2Br)Cl)Br,iupac2smiles
What is the IUPAC name for the molecule with SMILES: CC(=C[Si](C)(C)C)C(=C[Si](C)(C)C#CC1=CC=CC=C1)C2=CC=CC=C2?,"dimethyl-[(1E,3E)-3-methyl-2-phenyl-4-trimethylsilylbuta-1,3-dienyl]-(2-phenylethynyl)silane",smiles2iupac
"What is the SMILES string for the compound named pentabutyl 3-ethylnonane-1,2,4,5,8-pentacarboxylate?",CCCCOC(=O)CC(C(CC)C(C(CCC(C)C(=O)OCCCC)C(=O)OCCCC)C(=O)OCCCC)C(=O)OCCCC,iupac2smiles
"Find the SMILES encoding for the molecule with IUPAC name: (2-pyridin-4-ylpyrrolidin-1-yl)-[4-(1,2,4-triazol-1-yl)phenyl]methanone",C1CC(N(C1)C(=O)C2=CC=C(C=C2)N3C=NC=N3)C4=CC=NC=C4,iupac2smiles
"Given the IUPAC name 1-[2-(4-bromophenoxy)ethyl]-3-(thiophen-3-ylmethyl)urea, return its SMILES notation.",C1=CC(=CC=C1OCCNC(=O)NCC2=CSC=C2)Br,iupac2smiles
"Translate this chemical IUPAC name into SMILES format: (E)-1-[4-(2,3-dihydro-1-benzofuran-5-ylmethyl)piperazin-1-yl]-3-(2-methyl-1,3-thiazol-4-yl)prop-2-en-1-one",CC1=NC(=CS1)C=CC(=O)N2CCN(CC2)CC3=CC4=C(C=C3)OCC4,iupac2smiles
"Can you provide the SMILES representation of N-[(4-methyl-1,3-thiazol-2-yl)methyl]-7-oxabicyclo[2.2.1]heptan-2-amine?",CC1=CSC(=N1)CNC2CC3CCC2O3,iupac2smiles
What is the SMILES string for the compound named 1-[(5R)-1-azabicyclo[3.2.1]oct-3-en-3-yl]ethanone?,CC(=O)C1=CC2CCN(C2)C1,iupac2smiles
Please output the SMILES structure that matches this IUPAC name: 1-[4-(2-chlorophenyl)sulfonylpiperazin-1-yl]-2-[cyclopropyl(furan-2-ylmethyl)amino]ethanone,C1CC1N(CC2=CC=CO2)CC(=O)N3CCN(CC3)S(=O)(=O)C4=CC=CC=C4Cl,iupac2smiles
"I have the IUPAC name 5-(2-fluorophenyl)-N,N-dimethyl-4,5,6,7-tetrahydro-2,1-benzoxazol-3-amine. What's the equivalent SMILES string?",CN(C)C1=C2CC(CCC2=NO1)C3=CC=CC=C3F,iupac2smiles
"I have the IUPAC name 9,10-bis(4-ethoxyphenyl)phenanthrene-9,10-diol. What's the equivalent SMILES string?",CCOC1=CC=C(C=C1)C2(C3=CC=CC=C3C4=CC=CC=C4C2(C5=CC=C(C=C5)OCC)O)O,iupac2smiles
Generate the canonical SMILES corresponding to the IUPAC name: 4-quinolin-5-yloxypentanoic acid,CC(CCC(=O)O)OC1=CC=CC2=C1C=CC=N2,iupac2smiles
"Can you provide the SMILES representation of 4-methyl-2-(methylaminomethyl)-N-[(2,2,3,3-tetramethylcyclopropyl)methyl]thiophene-3-sulfonamide?",CC1=CSC(=C1S(=O)(=O)NCC2C(C2(C)C)(C)C)CNC,iupac2smiles
"Convert the following IUPAC name to its SMILES representation: methyl (E)-3-[4-[2-[[(1R,2S,3S)-2,3-dimethylcyclohexyl]carbamoylamino]-2-oxoethoxy]-3-methoxyphenyl]prop-2-enoate",CC1CCCC(C1C)NC(=O)NC(=O)COC2=C(C=C(C=C2)C=CC(=O)OC)OC,iupac2smiles
"Translate this chemical IUPAC name into SMILES format: N-(1-ethylsulfonylpiperidin-4-yl)-5,6,7,8,9,10-hexahydrocyclohepta[b]indole-4-carboxamide",CCS(=O)(=O)N1CCC(CC1)NC(=O)C2=CC=CC3=C2NC4=C3CCCCC4,iupac2smiles
"Please output the SMILES structure that matches this IUPAC name: 2-hydrazinyl-N-methyl-N-(1H-1,2,4-triazol-5-ylmethyl)pyridine-4-sulfonamide",CN(CC1=NC=NN1)S(=O)(=O)C2=CC(=NC=C2)NN,iupac2smiles
Find the SMILES encoding for the molecule with IUPAC name: 1-(4-chlorophenyl)sulfonyl-N-[4-(4-methylpiperazin-1-yl)sulfonylphenyl]piperidine-3-carboxamide,CN1CCN(CC1)S(=O)(=O)C2=CC=C(C=C2)NC(=O)C3CCCN(C3)S(=O)(=O)C4=CC=C(C=C4)Cl,iupac2smiles
"Can you provide the SMILES representation of N-(1-amino-2-methylpropan-2-yl)-3-[3-(3-fluoro-4-methylphenyl)-1,2,4-oxadiazol-5-yl]propanamide;hydrochloride?",CC1=C(C=C(C=C1)C2=NOC(=N2)CCC(=O)NC(C)(C)CN)F.Cl,iupac2smiles
I have the SMILES CC1=CC=C(O1)C(=O)OCC2=CC3=CC=CC=C3O2. What's the equivalent IUPAC name?,1-benzofuran-2-ylmethyl 5-methylfuran-2-carboxylate,smiles2iupac
"Find the SMILES encoding for the molecule with IUPAC name: 2,4-ditert-butyl-6-[4-[3-tert-butyl-5-[4-[4-(2-deuteriopropan-2-yl)phenyl]pyridin-2-yl]phenyl]-1-[2-(4-tert-butylphenyl)-5-phenyl-4-(trideuteriomethyl)phenyl]benzimidazol-2-yl]phenol",CC1=CC(=C(C=C1C2=CC=CC=C2)N3C4=CC=CC(=C4N=C3C5=C(C(=CC(=C5)C(C)(C)C)C(C)(C)C)O)C6=CC(=CC(=C6)C(C)(C)C)C7=NC=CC(=C7)C8=CC=C(C=C8)C(C)C)C9=CC=C(C=C9)C(C)(C)C,iupac2smiles
"Given the IUPAC name 5-prop-2-ynoxy-2-benzofuran-1,3-dione, return its SMILES notation.",C#CCOC1=CC2=C(C=C1)C(=O)OC2=O,iupac2smiles
"What is the SMILES string for the compound named 7-amino-3,5-diethyl-4-(trifluoromethyl)chromen-2-one?",CCC1=C2C(=CC(=C1)N)OC(=O)C(=C2C(F)(F)F)CC,iupac2smiles
I have the IUPAC name (3R)-1-(3-bromo-5-methylbenzoyl)-3-hydroxypiperidine-3-carboxamide. What's the equivalent SMILES string?,CC1=CC(=CC(=C1)Br)C(=O)N2CCCC(C2)(C(=O)N)O,iupac2smiles
Please output the SMILES structure that matches this IUPAC name: 5-(dimethylamino)-3-methyl-1-pyridin-2-ylpyrazole-4-carbaldehyde,CC1=NN(C(=C1C=O)N(C)C)C2=CC=CC=N2,iupac2smiles
"I have the IUPAC name 3-iodo-1-[[4-(oxan-4-ylmethoxy)pyrrolo[2,1-f][1,2,4]triazin-2-yl]methyl]pyrazolo[3,4-d]pyrimidin-4-amine. What's the equivalent SMILES string?",C1COCCC1COC2=NC(=NN3C2=CC=C3)CN4C5=NC=NC(=C5C(=N4)I)N,iupac2smiles
"Find the SMILES encoding for the molecule with IUPAC name: (2S)-N-[2-[(2R,6R)-2,6-dimethylmorpholin-4-yl]sulfonylethyl]-1-(thiophene-2-carbonyl)pyrrolidine-2-carboxamide",CC1CN(CC(O1)C)S(=O)(=O)CCNC(=O)C2CCCN2C(=O)C3=CC=CS3,iupac2smiles
"I have the IUPAC name 4-methyl-2-piperidin-1-yl-N-[(3,4,5-trimethoxyphenyl)methyl]pyrimidine-5-carboxamide. What's the equivalent SMILES string?",CC1=NC(=NC=C1C(=O)NCC2=CC(=C(C(=C2)OC)OC)OC)N3CCCCC3,iupac2smiles
I have the SMILES CCC1CC1C(C2=NN(N=C2)C)O. What's the equivalent IUPAC name?,(2-ethylcyclopropyl)-(2-methyltriazol-4-yl)methanol,smiles2iupac
"Translate this chemical IUPAC name into SMILES format: N-(3,3-dimethylhex-5-enyl)-3-[3-(oxolan-2-yl)pyrrolidin-1-yl]sulfonylpyridin-4-amine",CC(C)(CCNC1=C(C=NC=C1)S(=O)(=O)N2CCC(C2)C3CCCO3)CC=C,iupac2smiles
Please output the SMILES structure that matches this IUPAC name: N-[4-(2-cyanopyrrol-1-yl)-1-(4-methylpiperidin-1-yl)-1-oxobutan-2-yl]-2-(trifluoromethyl)benzenesulfonamide,CC1CCN(CC1)C(=O)C(CCN2C=CC=C2C#N)NS(=O)(=O)C3=CC=CC=C3C(F)(F)F,iupac2smiles
"Convert the following IUPAC name to its SMILES representation: 3-(9,9-diphenylfluoren-3-yl)-9-[(1-methyl-9H-fluoren-9-yl)methyl]carbazole;(2Z,4Z)-hepta-2,4-diene;(3Z,5Z)-hepta-1,3,5-triene",CCC=CC=CC.CC=CC=CC=C.CC1=C2C(C3=CC=CC=C3C2=CC=C1)CN4C5=C(C=C(C=C5)C6=CC7=C(C=C6)C(C8=CC=CC=C87)(C9=CC=CC=C9)C1=CC=CC=C1)C1=CC=CC=C14,iupac2smiles
"Translate this chemical IUPAC name into SMILES format: [2-oxo-2-[4-(2-oxopyrrolidin-1-yl)phenyl]ethyl] 2-methyl-4-phenyl-1,3-thiazole-5-carboxylate",CC1=NC(=C(S1)C(=O)OCC(=O)C2=CC=C(C=C2)N3CCCC3=O)C4=CC=CC=C4,iupac2smiles
"Please output the SMILES structure that matches this IUPAC name: 4-[tert-butyl(dimethyl)silyl]oxy-2,6-dimethoxybenzaldehyde",CC(C)(C)[Si](C)(C)OC1=CC(=C(C(=C1)OC)C=O)OC,iupac2smiles
I have the SMILES C[NH+]1C(=CC(C(=C1COC)O)O)COC. What's the equivalent IUPAC name?,"2,6-bis(methoxymethyl)-1-methyl-1,4-dihydropyridin-1-ium-3,4-diol",smiles2iupac
"Given the SMILES CC(C)(C)C1=CC=C(C=C1)NC(=O)CCCSC2=CC=C(C=C2)Cl, return its official IUPAC name.",N-(4-tert-butylphenyl)-4-(4-chlorophenyl)sulfanylbutanamide,smiles2iupac
"Convert the following IUPAC name to its SMILES representation: 1-(1-cyclopentyl-2,2,2-trifluoroethyl)-3-[(1-pyridin-4-ylpiperidin-4-yl)methyl]urea",C1CCC(C1)C(C(F)(F)F)NC(=O)NCC2CCN(CC2)C3=CC=NC=C3,iupac2smiles
Convert the following SMILES string into its IUPAC name: C1=C(SC(=C1)S(=O)(=O)NC2=CC(=C(C=C2Cl)Cl)Cl)CN,"5-(aminomethyl)-N-(2,4,5-trichlorophenyl)thiophene-2-sulfonamide",smiles2iupac
Please output the IUPAC chemical name that matches this SMILES: CC1CC2C(C1(C)CC=O)CCCC2OCOC,"2-[4-(methoxymethoxy)-1,2-dimethyl-2,3,3a,4,5,6,7,7a-octahydroinden-1-yl]acetaldehyde",smiles2iupac
"I have the IUPAC name [4-[1-[4-(2,3,3a,4,5,6,7,7a-octahydro-1,3-benzothiazol-6-yl)cyclohexyl]ethenyl]piperazin-1-yl]-(1-hydroxycyclopropyl)methanone. What's the equivalent SMILES string?",C=C(C1CCC(CC1)C2CCC3C(C2)SCN3)N4CCN(CC4)C(=O)C5(CC5)O,iupac2smiles
"Convert the following IUPAC name to its SMILES representation: 4-(2-phenylanilino)-2,1,3-benzoxadiazole-7-carboxylate",C1=CC=C(C=C1)C2=CC=CC=C2NC3=CC=C(C4=NON=C34)C(=O)[O-],iupac2smiles
Can you provide the IUPAC nomenclature for the compound CCNC(=NCC1=CC=CC=C1F)NCC2CC3=CC=CC=C23.I?,"1-(7-bicyclo[4.2.0]octa-1,3,5-trienylmethyl)-3-ethyl-2-[(2-fluorophenyl)methyl]guanidine;hydroiodide",smiles2iupac
"Generate the canonical SMILES corresponding to the IUPAC name: 9-fluoro-1,4,4,7-tetramethyl-8-(1-methylsulfonylindol-4-yl)-5H-[1,2,4]triazolo[4,3-a]quinoxaline",CC1=CC2=C(C(=C1C3=C4C=CN(C4=CC=C3)S(=O)(=O)C)F)N5C(=NN=C5C(N2)(C)C)C,iupac2smiles
Find the SMILES encoding for the molecule with IUPAC name: 4-bromo-N-ethyl-N-[2-(ethylamino)-2-oxoethyl]-2-methoxybenzamide,CCNC(=O)CN(CC)C(=O)C1=C(C=C(C=C1)Br)OC,iupac2smiles
"Given the IUPAC name (5S)-5-(2-methylpropyl)-3-[(1S)-1-phenylethyl]imidazolidine-2,4-dione, return its SMILES notation.",CC(C)CC1C(=O)N(C(=O)N1)C(C)C2=CC=CC=C2,iupac2smiles
"Can you provide the SMILES representation of (1S,5S)-5-ethyl-1,3,3-trimethylcyclohexan-1-amine;hydrate;hydrochloride?",CCC1CC(CC(C1)(C)N)(C)C.O.Cl,iupac2smiles
"Given the SMILES CCCN(C)CC1CCSS1.C(=O)(C(=O)O)O, return its official IUPAC name.",N-(dithiolan-3-ylmethyl)-N-methylpropan-1-amine;oxalic acid,smiles2iupac
Find the systematic IUPAC name of the molecule represented by CC(C(=O)C1(C(=O)N(C2=CC=CC=C2C(=N1)C3=CC=CC=C3)C)N)NC(=O)CCCC4CCCCC4.,"N-[1-(3-amino-1-methyl-2-oxo-5-phenyl-1,4-benzodiazepin-3-yl)-1-oxopropan-2-yl]-4-cyclohexylbutanamide",smiles2iupac
"Find the SMILES encoding for the molecule with IUPAC name: (2S)-N-(4-tert-butyl-1,3-thiazol-2-yl)-1-[5-(trifluoromethyl)pyridin-2-yl]pyrrolidine-2-carboxamide",CC(C)(C)C1=CSC(=N1)NC(=O)C2CCCN2C3=NC=C(C=C3)C(F)(F)F,iupac2smiles
"Translate this chemical IUPAC name into SMILES format: (2S)-6-amino-N-[(2S,3R)-1-[[(2R)-1-amino-1-oxo-3-sulfanylpropan-2-yl]-[(3R)-1,3-dihydroxybutan-2-yl]amino]-3-hydroxy-1-oxobutan-2-yl]-2-[[(2R)-2-[[(2S)-2-[[(2R)-2-[[(2R)-2-amino-3-phenylpropanoyl]amino]-3-sulfanylpropanoyl]amino]-3-phenylpropanoyl]amino]-3-(1H-indol-3-yl)propanoyl]amino]hexanamide",CC(C(CO)N(C(CS)C(=O)N)C(=O)C(C(C)O)NC(=O)C(CCCCN)NC(=O)C(CC1=CNC2=CC=CC=C21)NC(=O)C(CC3=CC=CC=C3)NC(=O)C(CS)NC(=O)C(CC4=CC=CC=C4)N)O,iupac2smiles
"Please output the SMILES structure that matches this IUPAC name: 5,7-dichloro-6-(4-chlorophenyl)sulfanyl-1,3-benzothiazol-2-amine",C1=CC(=CC=C1SC2=C(C=C3C(=C2Cl)SC(=N3)N)Cl)Cl,iupac2smiles
"Given the IUPAC name [5-(azanidylidenemethyl)-2-(piperazin-1-ylmethyl)-1,3-benzothiazol-4-yl]-methylazanide;propane;yttrium, return its SMILES notation.",CCC.C[N-]C1=C(C=CC2=C1N=C(S2)CN3CCNCC3)C=[N-].[Y],iupac2smiles
Can you provide the SMILES representation of N-benzyl-5-[[tert-butyl-[(4-methylphenyl)methyl]amino]methyl]furan-2-carboxamide?,CC1=CC=C(C=C1)CN(CC2=CC=C(O2)C(=O)NCC3=CC=CC=C3)C(C)(C)C,iupac2smiles
Can you provide the SMILES representation of N-[(4-butoxyphenyl)methylideneamino]pyridine-3-carboxamide?,CCCCOC1=CC=C(C=C1)C=NNC(=O)C2=CN=CC=C2,iupac2smiles
Please output the IUPAC chemical name that matches this SMILES: COC1=C(C(=CN=C1CCl)CC(=O)OC)C(F)F,methyl 2-[6-(chloromethyl)-4-(difluoromethyl)-5-methoxypyridin-3-yl]acetate,smiles2iupac
"Translate this chemical IUPAC name into SMILES format: N-[(1R)-1-(4-bromophenyl)ethyl]-2-[(4S)-4-methyl-4-(3-nitrophenyl)-2,5-dioxoimidazolidin-1-yl]acetamide",CC(C1=CC=C(C=C1)Br)NC(=O)CN2C(=O)C(NC2=O)(C)C3=CC(=CC=C3)[N+](=O)[O-],iupac2smiles
"What is the SMILES string for the compound named (2S)-2-[[(2R)-5-amino-2-[[(2R)-2-(2,4-dioxo-1H-quinazolin-3-yl)-3-phenylpropanoyl]amino]-5-oxopentanoyl]amino]-4-methylsulfanylbutanoic acid?",CSCCC(C(=O)O)NC(=O)C(CCC(=O)N)NC(=O)C(CC1=CC=CC=C1)N2C(=O)C3=CC=CC=C3NC2=O,iupac2smiles
Find the systematic IUPAC name of the molecule represented by CC1(CCCCC1)C(C2=C(C=NN2CCOC)Br)NC.,1-[4-bromo-2-(2-methoxyethyl)pyrazol-3-yl]-N-methyl-1-(1-methylcyclohexyl)methanamine,smiles2iupac
"Please output the SMILES structure that matches this IUPAC name: 6-chloro-2-methyl-N-[2-(1-methylbenzimidazol-2-yl)ethyl]-3-oxo-4H-1,4-benzoxazine-2-carboxamide",CC1(C(=O)NC2=C(O1)C=CC(=C2)Cl)C(=O)NCCC3=NC4=CC=CC=C4N3C,iupac2smiles
I have the IUPAC name 4-chloro-5-(2-hydroxybutylamino)-2-(2-methoxyethyl)pyridazin-3-one. What's the equivalent SMILES string?,CCC(CNC1=C(C(=O)N(N=C1)CCOC)Cl)O,iupac2smiles
Convert the following SMILES string into its IUPAC name: CC1=CC=CC2=C(C3=CC=CC=C3N=C12)OCC4=CC=CC=C4,4-methyl-9-phenylmethoxyacridine,smiles2iupac
"Please output the SMILES structure that matches this IUPAC name: 2-(4-methoxyphenyl)-N-(3-oxo-4H-1,4-benzoxazin-6-yl)-1,3-thiazole-4-carboxamide",COC1=CC=C(C=C1)C2=NC(=CS2)C(=O)NC3=CC4=C(C=C3)OCC(=O)N4,iupac2smiles
"Generate the canonical SMILES corresponding to the IUPAC name: N-[(7S)-1,2-dimethoxy-10-methylsulfanyl-9-oxo-3-[[(2R,3S,4R,5S,6S)-3,4,5-trihydroxy-6-methyloxan-2-yl]amino]-6,7-dihydro-5H-benzo[a]heptalen-7-yl]acetamide",CC1C(C(C(C(O1)NC2=C(C(=C3C(=C2)CCC(C4=CC(=O)C(=CC=C43)SC)NC(=O)C)OC)OC)O)O)O,iupac2smiles
Translate this chemical IUPAC name into SMILES format: methyl 2-(3-methyl-2-oxopyridin-1-yl)acetate,CC1=CC=CN(C1=O)CC(=O)OC,iupac2smiles
"Generate the canonical SMILES corresponding to the IUPAC name: 1-(2,3-dichlorophenyl)-4-hydroxy-3-(3-methoxy-4-propoxyphenyl)-2-(4-propan-2-ylphenyl)-2H-pyrrol-5-one",CCCOC1=C(C=C(C=C1)C2=C(C(=O)N(C2C3=CC=C(C=C3)C(C)C)C4=C(C(=CC=C4)Cl)Cl)O)OC,iupac2smiles
Generate the canonical SMILES corresponding to the IUPAC name: 2-[(E)-1-(6-oxooxan-2-yl)-3-phenylprop-2-enyl]sulfonylpropanoic acid,CC(C(=O)O)S(=O)(=O)C(C=CC1=CC=CC=C1)C2CCCC(=O)O2,iupac2smiles
"Can you provide the SMILES representation of 3-(cyanocarbamoyl)-2,2-dimethylcyclopropane-1-carboxylic acid?",CC1(C(C1C(=O)O)C(=O)NC#N)C,iupac2smiles
"Given the IUPAC name (2S,5R)-1,6-bis(4-ethoxyphenyl)-2,5-bis[(1-methylazepan-1-ium-1-yl)methyl]hexane-1,6-dione, return its SMILES notation.",CCOC1=CC=C(C=C1)C(=O)C(CCC(C[N+]2(CCCCCC2)C)C(=O)C3=CC=C(C=C3)OCC)C[N+]4(CCCCCC4)C,iupac2smiles
"Please output the SMILES structure that matches this IUPAC name: 6-(2-nitrophenyl)-2H-thieno[3,2-c]pyridin-4-one",C1C=C2C(=CC(=NC2=O)C3=CC=CC=C3[N+](=O)[O-])S1,iupac2smiles
"I have the IUPAC name 1-(5-benzhydrylidene-2-bromo-3-tert-butyl-1,3,2-oxazaborolidin-4-yl)-N-tert-butylmethanimine. What's the equivalent SMILES string?",B1(N(C(C(=C(C2=CC=CC=C2)C3=CC=CC=C3)O1)C=NC(C)(C)C)C(C)(C)C)Br,iupac2smiles
"From the IUPAC name N-cyclopropyl-2-[4-[4-(methylamino)-3-nitrobenzoyl]piperazin-1-ium-1-yl]acetamide, generate the corresponding SMILES string.",CNC1=C(C=C(C=C1)C(=O)N2CC[NH+](CC2)CC(=O)NC3CC3)[N+](=O)[O-],iupac2smiles
"Can you provide the SMILES representation of N-(5-chloro-2-methylphenyl)-2-[(3-oxo-2-propan-2-yl-2H-imidazo[1,2-c]quinazolin-5-yl)sulfanyl]acetamide?",CC1=C(C=C(C=C1)Cl)NC(=O)CSC2=NC3=CC=CC=C3C4=NC(C(=O)N42)C(C)C,iupac2smiles
"Please output the SMILES structure that matches this IUPAC name: 4-(cyclohexylmethyl)-7-ethyl-N-[(4-methoxyphenyl)methyl]-2-methylpyrrolo[1,2-b]pyridazine-3-carboxamide",CCC1=CC=C2N1N=C(C(=C2CC3CCCCC3)C(=O)NCC4=CC=C(C=C4)OC)C,iupac2smiles
"Given the SMILES CC1=CC(=C(C=C1)OC)N2C3=C(C=C(C=N3)Cl)N=C2N, return its official IUPAC name.","6-chloro-3-(2-methoxy-5-methylphenyl)imidazo[4,5-b]pyridin-2-amine",smiles2iupac
Can you provide the SMILES representation of 3-chloro-4-[1-[(1-methoxycyclobutyl)methyl]tetrazol-5-yl]aniline?,COC1(CCC1)CN2C(=NN=N2)C3=C(C=C(C=C3)N)Cl,iupac2smiles
"Given the SMILES COC1=CC(=C(C=C1)OCC2(CCCCC2)CS)Br, return its official IUPAC name.",[1-[(2-bromo-4-methoxyphenoxy)methyl]cyclohexyl]methanethiol,smiles2iupac
Can you provide the IUPAC nomenclature for the compound CCCN(CC(=O)OCC)S(=O)(=O)N(CC)CC?,ethyl 2-[diethylsulfamoyl(propyl)amino]acetate,smiles2iupac
"Generate the canonical SMILES corresponding to the IUPAC name: 5-chloro-N-(5-pyridin-2-yl-13-tricyclo[8.2.1.03,8]trideca-3(8),4,6-trienyl)thiophene-2-sulfonamide",C1CC2CC3=C(CC1C2NS(=O)(=O)C4=CC=C(S4)Cl)C=CC(=C3)C5=CC=CC=N5,iupac2smiles
"Can you provide the SMILES representation of [(2S)-1-(2,6-diethylanilino)-1-oxopropan-2-yl] 2,4-dioxo-7-propan-2-yl-1-propylpyrido[2,3-d]pyrimidine-5-carboxylate?",CCCN1C2=C(C(=CC(=N2)C(C)C)C(=O)OC(C)C(=O)NC3=C(C=CC=C3CC)CC)C(=O)NC1=O,iupac2smiles
Translate this chemical IUPAC name into SMILES format: 2-(4-bromopyrazol-1-yl)-2-methyl-1-[4-(pyridin-3-ylmethyl)piperazin-1-yl]propan-1-one,CC(C)(C(=O)N1CCN(CC1)CC2=CN=CC=C2)N3C=C(C=N3)Br,iupac2smiles
"Generate the canonical SMILES corresponding to the IUPAC name: 1-[1-[1-(1-ethyl-3,5-dimethylpyrazol-4-yl)ethyl]azetidin-3-yl]piperazine",CCN1C(=C(C(=N1)C)C(C)N2CC(C2)N3CCNCC3)C,iupac2smiles
Convert the following IUPAC name to its SMILES representation: 3-[(3-chlorophenyl)sulfamoyl]-N-[[(2S)-1-ethylpyrrolidin-2-yl]methyl]benzamide,CCN1CCCC1CNC(=O)C2=CC(=CC=C2)S(=O)(=O)NC3=CC(=CC=C3)Cl,iupac2smiles
"Convert the following IUPAC name to its SMILES representation: N-[3-(4-chlorophenyl)-1-[4-[1-(2-chlorophenyl)-2-[ethyl(methylsulfonyl)amino]ethyl]piperazin-1-yl]-1-oxopropan-2-yl]-2-(1,2,3,4-tetrahydroisoquinolin-1-yl)acetamide",CCN(CC(C1=CC=CC=C1Cl)N2CCN(CC2)C(=O)C(CC3=CC=C(C=C3)Cl)NC(=O)CC4C5=CC=CC=C5CCN4)S(=O)(=O)C,iupac2smiles
Find the SMILES encoding for the molecule with IUPAC name: 4-(2-fluoro-6-methylsulfinylphenyl)piperidine,CS(=O)C1=CC=CC(=C1C2CCNCC2)F,iupac2smiles
"Find the SMILES encoding for the molecule with IUPAC name: ethyl 2-[[5-(4-fluorophenyl)-2-propylfuran-3-carbonyl]amino]-6-methyl-4,5,6,7-tetrahydro-1-benzothiophene-3-carboxylate",CCCC1=C(C=C(O1)C2=CC=C(C=C2)F)C(=O)NC3=C(C4=C(S3)CC(CC4)C)C(=O)OCC,iupac2smiles
Please output the SMILES structure that matches this IUPAC name: chloromethane;cobalt;2-phosphanyl-N-(pyridin-2-ylmethyl)ethanamine;ruthenium(2+) monohydride,[CH2-]Cl.C1=CC=NC(=C1)CNCCP.[Co].[RuH+2],iupac2smiles
"Convert the following IUPAC name to its SMILES representation: (3S)-N-[(2S)-2-(2-chloro-6-fluorophenyl)-2-pyrrolidin-1-ylethyl]-4-(2,2,2-trifluoroethyl)morpholine-3-carboxamide",C1CCN(C1)C(CNC(=O)C2COCCN2CC(F)(F)F)C3=C(C=CC=C3Cl)F,iupac2smiles
"Please output the SMILES structure that matches this IUPAC name: 5-[2-[6-(10,10-diphenylbenzo[b][1,4]benzazasilin-5-yl)pyridin-2-yl]quinolin-6-yl]-10,10-diphenylbenzo[b][1,4]benzazasiline",C1=CC=C(C=C1)[Si]2(C3=CC=CC=C3N(C4=CC=CC=C42)C5=CC6=C(C=C5)N=C(C=C6)C7=NC(=CC=C7)N8C9=CC=CC=C9[Si](C1=CC=CC=C18)(C1=CC=CC=C1)C1=CC=CC=C1)C1=CC=CC=C1,iupac2smiles
Translate this chemical IUPAC name into SMILES format: 2-[4-(3-chlorophenyl)piperazin-1-yl]-5-(4-methylphenyl)sulfonylpyrimidin-4-amine,CC1=CC=C(C=C1)S(=O)(=O)C2=CN=C(N=C2N)N3CCN(CC3)C4=CC(=CC=C4)Cl,iupac2smiles
Generate the canonical SMILES corresponding to the IUPAC name: methyl 3-[[5-(azepan-1-yl)pyrazine-2-carbonyl]amino]benzoate,COC(=O)C1=CC(=CC=C1)NC(=O)C2=CN=C(C=N2)N3CCCCCC3,iupac2smiles
Convert the following SMILES string into its IUPAC name: CC(=CC1=CC=CO1)C=NNC(=O)C2=CC(=NN2)C3=C(C=CC(=C3)OC)OC,"3-(2,5-dimethoxyphenyl)-N-[[3-(furan-2-yl)-2-methylprop-2-enylidene]amino]-1H-pyrazole-5-carboxamide",smiles2iupac
"Given the IUPAC name 2,3,5,6-tetradeuterio-4-(1-deuterioethenyl)pyridine, return its SMILES notation.",C=CC1=CC=NC=C1,iupac2smiles
"Translate this chemical IUPAC name into SMILES format: (4Z)-5-(3-chloro-4-hydroxyphenyl)-1-cyclohexyl-4-[(2,4-dimethoxyphenyl)-hydroxymethylidene]pyrrolidine-2,3-dione",COC1=CC(=C(C=C1)C(=C2C(N(C(=O)C2=O)C3CCCCC3)C4=CC(=C(C=C4)O)Cl)O)OC,iupac2smiles
"From the IUPAC name 4-methyl-2-[[5-oxo-1-(4-pyrrolidin-1-ylphenyl)pyrrolidine-3-carbonyl]amino]pentanoic acid, generate the corresponding SMILES string.",CC(C)CC(C(=O)O)NC(=O)C1CC(=O)N(C1)C2=CC=C(C=C2)N3CCCC3,iupac2smiles
"Translate this chemical IUPAC name into SMILES format: dimethyl 2-oxo-5-phenyl-1,3-dihydropyrrolo[1,2-c][1,3]thiazole-6,7-dicarboxylate",COC(=O)C1=C2CS(=O)CN2C(=C1C(=O)OC)C3=CC=CC=C3,iupac2smiles
Please output the SMILES structure that matches this IUPAC name: (2S)-1-[(R)-cyclohexyl(hydroxy)methyl]-N-[4-[(E)-2-[4-[[(2S)-1-[(R)-cyclohexyl(hydroxy)methyl]pyrrolidine-2-carbonyl]amino]phenyl]ethenyl]phenyl]pyrrolidine-2-carboxamide,C1CCC(CC1)C(N2CCCC2C(=O)NC3=CC=C(C=C3)C=CC4=CC=C(C=C4)NC(=O)C5CCCN5C(C6CCCCC6)O)O,iupac2smiles
Convert the following IUPAC name to its SMILES representation: (E)-1-ethoxycarbonyloxyethoxyimino-[(2S)-2-[[4-[5-(4-methylphenyl)-3-(trifluoromethyl)pyrazol-1-yl]phenyl]sulfonylcarbamoyl]pyrrolidin-1-yl]-oxidoazanium,CCOC(=O)OC(C)ON=[N+](N1CCCC1C(=O)NS(=O)(=O)C2=CC=C(C=C2)N3C(=CC(=N3)C(F)(F)F)C4=CC=C(C=C4)C)[O-],iupac2smiles
Find the SMILES encoding for the molecule with IUPAC name: methyl 4-[[6-methyl-2-[(2-methylphenyl)methylamino]pyrimidine-4-carbonyl]amino]benzoate,CC1=CC=CC=C1CNC2=NC(=CC(=N2)C(=O)NC3=CC=C(C=C3)C(=O)OC)C,iupac2smiles
